source,inicio,sensor,setpoint,ox_inicio,minutos_hasta_setpoint,grupo
POX1,2026-02-26 17:43:34.504,1,10.0,7.464624,0.0,3comp
POX1,2026-02-26 18:24:34.527,1,10.0,3.732312,,3comp
POX1,2026-02-27 08:09:30.767,1,10.0,3.732312,,3comp
POX1,2026-02-27 10:14:30.858,1,10.0,3.732312,,3comp
POX1,2026-03-04 11:32:35.854,1,5.0,3.732312,0.0,3comp
POX1,2026-03-05 06:53:36.626,1,5.0,3.732312,,3comp
POX1,2026-03-06 06:58:37.461,1,5.0,3.732312,,3comp
POX1,2026-03-06 16:00:37.666,1,5.0,3.732312,187.00039999999998,3comp
POX1,2026-03-07 07:09:38.132,1,5.0,3.732312,,3comp
POX1,2026-03-09 07:13:39.464,1,5.0,3.732312,,3comp
POX1,2026-03-10 07:02:40.373,1,5.0,3.732312,,3comp
POX1,2026-03-11 07:09:41.129,1,5.0,3.732312,,3comp
POX1,2026-03-12 07:23:42.023,1,5.0,3.732312,0.0,3comp
POX1,2026-03-13 07:01:42.823,1,5.0,3.732312,,3comp
POX1,2026-03-15 07:03:44.828,1,5.0,3.732312,,3comp
POX1,2026-03-16 07:02:45.882,1,5.0,3.732312,,3comp
POX1,2026-03-17 07:15:46.988,1,5.0,3.732312,,3comp
POX1,2026-03-18 07:07:40.674,1,5.0,3.732312,,3comp
POX1,2026-03-19 07:07:41.696,1,5.0,3.732312,,3comp
POX1,2026-03-20 07:06:42.765,1,5.0,3.732312,,3comp
POX1,2026-03-20 11:51:42.957,1,5.0,3.732312,,3comp
POX1,2026-03-20 14:59:43.073,1,5.0,3.732312,,3comp
POX1,2026-03-21 01:04:43.491,1,5.0,3.732312,,3comp
POX1,2026-03-21 13:40:23.660,1,5.0,3.732312,,3comp
POX1,2026-03-21 14:02:23.677,1,5.0,3.732312,,3comp
POX1,2026-03-21 16:07:23.771,1,5.0,3.732312,,3comp
POX1,2026-03-22 13:14:25.706,1,5.0,3.732312,347.00314999999995,3comp
POX1,2026-03-23 07:08:26.441,1,5.0,3.732312,,3comp
POX1,2026-03-24 07:07:27.516,1,5.0,3.732312,,3comp
POX1,2026-03-25 07:06:28.614,1,5.0,3.732312,0.0,3comp
POX1,2026-03-25 07:42:28.641,1,5.0,3.732312,,3comp
POX1,2026-03-26 07:03:29.696,1,8.0,3.732312,30.000383333333332,3comp
POX1,2026-03-26 10:00:29.833,1,8.0,3.732312,,3comp
POX1,2026-04-07 08:01:41.651,1,5.0,3.732312,,3comp
POX1,2026-04-11 08:03:45.513,1,5.0,3.732312,,3comp
POX1,2026-04-12 10:14:46.642,1,5.0,3.732312,0.0,3comp
POX1,2026-04-12 10:29:46.654,1,5.0,3.732312,,3comp
POX1,2026-04-13 08:17:47.581,1,5.0,3.732312,,3comp
POX1,2026-04-14 08:19:48.683,1,5.0,3.732312,,3comp
POX1,2026-04-15 08:06:49.759,1,5.0,3.732312,,3comp
POX1,2026-04-17 14:10:52.132,1,5.0,3.732312,238.00298333333333,3comp
POX1,2026-04-18 10:06:53.051,1,5.0,3.732312,,3comp
POX1,2026-04-19 13:33:54.312,1,5.0,0.0,6.000066666666667,3comp
POX1,2026-04-20 08:05:55.157,1,5.0,0.0,,3comp
POX1,2026-04-20 08:23:55.170,1,5.0,0.0,,3comp
POX1,2026-04-21 08:05:56.258,1,5.0,0.0,,3comp
POX1,2026-04-22 08:05:57.347,1,5.0,0.0,,3comp
POX1,2026-04-23 08:03:58.446,1,5.0,0.0,,3comp
POX1,2026-04-24 08:05:59.532,1,5.0,0.0,,3comp
POX1,2026-04-25 08:07:00.628,1,5.0,0.0,,3comp
POX1,2026-04-26 08:15:01.724,1,5.0,0.0,291.00355,3comp
POX1,2026-04-26 13:51:01.969,1,5.0,0.0,,3comp
POX1,2026-04-27 08:07:02.811,1,5.0,0.0,,3comp
POX1,2026-04-28 08:11:03.937,1,5.0,0.0,,3comp
POX1,2026-04-29 08:13:05.042,1,5.0,0.0,,3comp
POX1,2026-04-30 08:16:06.160,1,5.0,0.0,,3comp
POX1,2026-05-01 08:17:07.268,1,5.0,0.0,,3comp
POX1,2026-05-02 08:11:08.338,1,5.0,0.0,,3comp
POX1,2026-05-03 08:19:09.466,1,5.0,0.0,,3comp
POX1,2026-05-04 08:12:10.580,1,5.0,0.0,,3comp
POX1,2026-05-05 08:22:11.702,1,5.0,0.0,,3comp
POX1,2026-05-06 07:54:12.741,1,5.0,0.0,,3comp
POX1,2026-05-08 08:02:14.968,1,5.0,0.0,,3comp
POX1,2026-05-09 08:07:16.048,1,5.0,0.0,,3comp
POX1,2026-05-10 08:02:17.176,1,5.0,0.0,,3comp
POX1,2026-05-11 08:08:18.313,1,5.0,0.0,,3comp
POX1,2026-05-12 07:59:19.412,1,5.0,0.0,,3comp
POX1,2026-05-13 11:33:20.608,1,5.0,0.0,23.0003,3comp
POX1,2026-05-13 12:37:20.658,1,5.0,0.0,,3comp
POX1,2026-05-14 08:07:21.543,1,5.0,0.0,,3comp
POX1,2026-05-15 08:00:22.661,1,5.0,0.0,,3comp
POX1,2026-05-15 13:24:22.916,1,5.0,0.0,,3comp
POX1,2026-05-16 08:03:23.777,1,5.0,0.0,,3comp
POX1,2026-05-17 08:04:24.875,1,5.0,0.0,,3comp
POX1,2026-05-18 08:06:25.952,1,5.0,0.0,,3comp
POX1,2026-05-19 08:01:27.056,1,5.0,0.0,,3comp
POX1,2026-05-20 08:18:28.167,1,5.0,0.0,,3comp
POX1,2026-05-21 08:06:29.193,1,5.0,0.0,,3comp
POX1,2026-05-22 08:00:30.226,1,5.0,0.0,,3comp
POX1,2026-05-23 08:07:31.314,1,5.0,0.0,,3comp
POX1,2026-05-24 08:10:32.442,1,5.0,0.0,,3comp
POX37,2026-02-06 12:04:47.712,1,8.0,7.043857,,3comp
POX37,2026-02-18 11:42:29.416,1,10.0,7.002391,0.0,3comp
POX37,2026-02-24 02:21:38.110,1,6.0,5.94786,64.00126666666667,3comp
POX37,2026-02-26 10:09:41.924,1,6.0,5.995232,12.000233333333334,3comp
POX37,2026-02-26 14:29:42.226,1,6.0,5.633183,74.00158333333334,3comp
POX37,2026-02-26 14:42:42.242,1,6.0,5.614167,61.00131666666667,3comp
POX37,2026-02-26 14:48:42.249,1,6.0,5.601531,55.001200000000004,3comp
POX37,2026-02-26 14:52:42.254,1,6.0,5.552657,51.00111666666667,3comp
POX37,2026-02-26 15:11:42.279,1,6.0,5.568013,32.0007,3comp
POX37,2026-02-26 15:15:42.284,1,6.0,5.580073,28.000616666666666,3comp
POX37,2026-02-26 16:31:42.383,1,6.0,0.0,2.000033333333333,3comp
POX37,2026-03-22 17:31:30.589,1,6.0,5.603536,24.00045,3comp
POX37,2026-04-02 11:54:10.090,1,10.5,6.919149,118.0026,3comp
POX37,2026-04-06 07:31:14.410,1,6.0,5.875008,0.0,3comp
POX37,2026-04-06 08:31:14.487,1,6.0,5.471192,0.0,3comp
POX37,2026-05-15 11:38:25.309,1,10.0,6.108345,15.000333333333334,3comp
POX37,2026-05-15 12:54:25.411,1,10.0,6.316945,150.00331666666668,3comp
POX37,2026-05-18 18:50:31.747,1,5.5,5.43075,0.0,3comp
POX37,2026-05-23 08:00:38.998,1,10.0,6.421212,0.0,3comp
POX37,2026-05-23 10:46:39.223,1,10.0,5.986059,,3comp
POX38,2026-04-18 08:03:45.760,1,6.5,6.246509,7.000183333333334,3comp
POX38,2026-04-18 13:37:46.274,1,6.5,6.299995,18.000466666666668,3comp
POX38,2026-04-19 13:33:04.279,1,6.5,6.499246,2.0000666666666667,3comp
POX38,2026-04-20 02:31:05.478,1,6.5,5.699997,26.00068333333333,3comp
POX38,2026-04-20 03:47:05.597,1,6.5,6.499877,3.0000833333333334,3comp
POX38,2026-04-20 10:11:06.196,1,6.5,6.384312,4.0001,3comp
POX38,2026-04-20 15:05:06.636,1,6.5,6.379904,38.00096666666666,3comp
POX38,2026-04-20 16:11:06.736,1,6.5,6.436275,3.0000833333333334,3comp
POX38,2026-04-21 03:45:07.772,1,6.5,6.235293,21.000533333333333,3comp
POX38,2026-04-21 10:02:08.349,1,6.5,6.407839,1.0000166666666666,3comp
POX38,2026-04-21 10:25:08.384,1,6.5,6.491179,1.0000166666666666,3comp
POX38,2026-04-21 10:32:08.394,1,6.5,6.494847,8.0002,3comp
POX38,2026-04-21 14:49:08.766,1,6.5,6.435172,8.0002,3comp
POX38,2026-04-21 15:12:08.800,1,6.5,6.224628,84.00203333333334,3comp
POX38,2026-04-22 00:43:09.631,1,6.5,6.37341,5.000133333333333,3comp
POX38,2026-04-22 06:10:10.132,1,6.5,6.480134,10.00025,3comp
POX38,2026-04-22 08:40:10.352,1,6.5,6.166667,10.00025,3comp
POX38,2026-04-22 09:40:10.442,1,6.5,6.430334,4.0001,3comp
POX38,2026-04-22 13:48:10.799,1,6.5,6.263729,10.000233333333334,3comp
POX38,2026-04-22 14:58:10.896,1,6.5,6.48873,7.000166666666667,3comp
POX38,2026-05-19 23:28:56.908,1,6.0,5.740626,6.000133333333333,3comp
POX38,2026-05-21 17:40:05.161,1,6.0,5.993745,1.0000166666666666,3comp
POX38,2026-05-24 06:52:10.524,1,11.0,6.968039,0.0,3comp
POX38,2026-05-24 08:07:10.629,1,11.0,6.328434,0.0,3comp
POX38,2026-05-24 09:27:10.743,1,11.0,6.972544,0.0,3comp
POX38,2026-05-24 10:01:10.791,1,11.0,7.404903,,3comp
POX40,2026-02-02 10:47:06.062,1,5.5,5.120882,2.000033333333333,3comp
POX40,2026-02-05 14:37:09.395,1,5.5,5.331578,17.000183333333332,3comp
POX40,2026-02-18 17:46:22.994,1,5.5,5.099439,82.00081666666667,3comp
POX40,2026-02-19 16:29:23.979,1,5.5,4.317603,9.0001,3comp
POX40,2026-02-19 16:48:23.991,1,5.5,4.785818,249.00176666666667,3comp
POX40,2026-02-25 07:41:29.461,1,5.0,4.959905,2.000033333333333,3comp
POX40,2026-02-27 10:14:31.379,1,5.0,4.196975,25.000316666666667,3comp
POX40,2026-02-27 12:15:31.461,1,12.0,6.319797,0.0,3comp
POX40,2026-02-28 09:16:32.283,1,5.0,4.433759,40.0006,3comp
POX40,2026-03-14 18:46:45.561,1,5.0,4.889482,40.00056666666667,3comp
POX40,2026-03-15 10:47:46.419,1,5.0,4.72955,7.000116666666667,3comp
POX40,2026-03-15 15:46:46.681,1,5.0,4.951336,17.000266666666665,3comp
POX40,2026-03-21 14:05:58.160,1,5.0,4.437378,13.000183333333332,3comp
POX40,2026-03-22 02:24:58.873,1,5.0,4.902162,7.000116666666667,3comp
POX40,2026-03-23 16:36:01.086,1,5.0,4.884037,8.000116666666667,3comp
POX40,2026-03-25 01:09:21.539,1,5.0,4.841447,4.000083333333333,3comp
POX40,2026-03-25 04:09:21.738,1,5.0,4.925383,12.000216666666667,3comp
POX40,2026-03-25 14:26:22.423,1,5.0,4.980408,6.0001,3comp
POX40,2026-03-27 07:57:24.897,1,5.0,4.870969,10.000166666666667,3comp
POX40,2026-03-27 13:07:25.218,1,5.5,5.156909,0.0,3comp
POX40,2026-03-29 19:18:28.009,1,5.2,4.973914,11.00015,3comp
POX40,2026-03-30 08:54:28.767,1,5.5,4.338549,39.00065,3comp
POX40,2026-03-30 12:45:28.962,1,10.0,6.523647,0.0,3comp
POX40,2026-03-30 13:45:29.010,1,10.0,5.713076,0.0,3comp
POX40,2026-03-31 20:56:30.157,1,5.5,5.372462,19.00026666666667,3comp
POX40,2026-04-01 10:24:52.717,1,15.5,5.444165,0.0,3comp
POX40,2026-04-01 10:57:52.749,1,15.5,5.362977,0.0,3comp
POX40,2026-04-01 12:10:52.820,1,15.5,5.096806,89.00128333333333,3comp
POX40,2026-04-05 01:38:57.173,1,5.5,5.375131,61.000816666666665,3comp
POX40,2026-04-14 06:54:00.650,1,5.5,5.461636,20.00035,3comp
POX40,2026-04-14 07:44:00.703,1,5.5,5.366204,9.000166666666667,3comp
POX40,2026-04-14 08:34:00.757,1,5.5,5.373106,22.000383333333332,3comp
POX40,2026-04-16 21:20:04.326,1,5.5,5.171761,24.000366666666665,3comp
POX40,2026-04-17 11:11:05.131,1,5.5,5.415,23.0004,3comp
POX40,2026-04-20 01:52:08.684,1,5.5,5.150485,21.00035,3comp
POX40,2026-04-20 11:22:09.288,1,5.5,5.463774,1.0000166666666666,3comp
POX40,2026-04-21 01:42:10.097,1,5.5,5.435828,3.00005,3comp
POX40,2026-04-21 18:33:11.101,1,5.5,5.4505,2.0000166666666668,3comp
POX40,2026-04-26 10:25:17.146,1,5.5,5.218395,35.00058333333333,3comp
POX40,2026-04-30 00:17:22.239,1,5.5,5.321356,8.00015,3comp
POX40,2026-04-30 10:12:22.888,1,5.5,5.056387,59.001133333333335,3comp
POX40,2026-04-30 19:52:23.455,1,5.5,5.395975,10.000166666666667,3comp
POX40,2026-04-30 21:22:23.544,1,5.5,5.330611,9.000133333333334,3comp
POX40,2026-05-01 01:12:23.763,1,5.5,5.290075,5.000083333333333,3comp
POX40,2026-05-05 11:00:30.090,1,5.5,5.264364,5.000083333333333,3comp
POX40,2026-05-05 15:41:30.360,1,5.5,0.0,37.0006,3comp
POX40,2026-05-05 15:56:30.374,1,5.5,5.151552,22.000366666666665,3comp
POX40,2026-05-06 11:05:31.402,1,5.5,5.073662,5.000066666666667,3comp
POX40,2026-05-16 11:10:45.296,1,5.5,5.472335,4.000066666666666,3comp
POX40,2026-05-19 12:19:49.682,1,5.5,5.360848,21.000333333333334,3comp
POX40,2026-05-20 15:23:50.731,1,5.5,4.857469,6.0000333333333336,3comp
POX42,2026-02-01 13:52:18.354,1,7.0,6.181802,,3comp
POX42,2026-02-01 16:35:18.551,1,7.0,5.771989,233.00376666666668,3comp
POX42,2026-02-02 14:48:20.220,1,7.0,5.985204,95.00240000000001,3comp
POX42,2026-02-02 16:15:20.353,1,7.0,6.891755,8.000183333333334,3comp
POX42,2026-02-03 18:36:22.655,1,7.0,6.062201,223.00526666666667,3comp
POX42,2026-02-04 12:29:24.169,1,7.0,6.276268,,3comp
POX42,2026-02-04 13:05:24.210,1,7.0,6.025,,3comp
POX42,2026-02-04 15:10:24.346,1,7.0,5.933254,,3comp
POX42,2026-02-04 17:58:24.541,1,7.0,6.165159,346.0068166666667,3comp
POX42,2026-02-05 16:54:26.211,1,7.0,6.107926,,3comp
POX42,2026-02-07 10:10:29.755,1,7.0,5.783006,49.00123333333333,3comp
POX42,2026-02-07 11:12:29.849,1,7.0,5.578804,113.00278333333334,3comp
POX42,2026-02-07 14:46:30.156,1,7.0,6.335772,56.001266666666666,3comp
POX42,2026-02-08 10:03:31.806,1,7.0,5.838578,217.00506666666666,3comp
POX42,2026-02-13 23:37:43.719,1,7.0,6.052257,0.0,3comp
POX42,2026-02-14 00:26:43.798,1,7.0,5.815313,,3comp
POX42,2026-02-15 14:05:47.085,1,7.0,5.926947,,3comp
POX42,2026-02-21 10:04:59.530,1,7.0,0.0,,3comp
POX42,2026-02-21 11:15:59.641,1,7.0,0.0,,3comp
POX42,2026-02-21 12:53:59.783,1,7.0,0.0,,3comp
POX42,2026-02-21 14:04:59.883,1,7.0,0.0,,3comp
POX42,2026-02-22 14:25:02.039,1,7.0,0.0,,3comp
POX42,2026-02-22 17:20:02.254,1,7.0,0.0,,3comp
POX42,2026-02-22 18:17:02.324,1,7.0,0.0,,3comp
POX42,2026-02-23 20:13:04.622,1,7.0,0.0,,3comp
POX42,2026-02-24 12:03:06.100,1,7.0,0.0,,3comp
POX42,2026-02-24 14:47:06.347,1,7.0,0.0,,3comp
POX42,2026-02-24 17:07:06.562,1,7.0,0.0,,3comp
POX42,2026-02-24 17:37:06.608,1,7.0,0.0,,3comp
POX42,2026-02-25 01:23:07.328,1,7.0,0.0,,3comp
POX42,2026-02-25 02:48:07.461,1,7.0,0.0,,3comp
POX42,2026-02-25 03:23:07.516,1,7.0,0.0,,3comp
POX42,2026-02-25 04:08:07.589,1,7.0,0.0,,3comp
POX42,2026-02-25 05:08:07.686,1,7.0,0.0,,3comp
POX42,2026-02-25 08:33:08.018,1,7.0,0.0,,3comp
POX42,2026-02-25 10:08:08.171,1,7.0,0.0,,3comp
POX42,2026-02-25 10:53:08.242,1,7.0,0.0,,3comp
POX42,2026-02-25 12:08:08.356,1,7.0,0.0,,3comp
POX42,2026-02-25 18:08:08.858,1,7.0,0.0,,3comp
POX42,2026-02-25 18:33:08.892,1,7.0,0.0,,3comp
POX42,2026-02-25 19:23:08.961,1,7.0,0.0,,3comp
POX42,2026-02-25 22:58:09.280,1,7.0,0.0,,3comp
POX42,2026-02-25 23:58:09.375,1,7.0,0.0,,3comp
POX42,2026-02-26 00:23:09.415,1,7.0,0.0,,3comp
POX42,2026-02-26 03:18:09.699,1,7.0,0.0,,3comp
POX42,2026-02-26 03:43:09.741,1,7.0,0.0,,3comp
POX42,2026-02-26 10:29:10.433,1,7.0,0.0,,3comp
POX42,2026-02-26 10:54:10.475,1,7.0,0.0,,3comp
POX42,2026-02-26 11:34:10.540,1,7.0,0.0,,3comp
POX42,2026-03-22 10:49:22.322,1,7.0,0.0,,3comp
POX42,2026-03-22 10:59:22.340,1,7.0,0.0,,3comp
POX42,2026-03-22 11:22:22.381,1,7.0,0.0,,3comp
POX42,2026-04-17 12:42:28.837,1,7.0,0.0,,3comp
POX42,2026-05-15 12:03:35.581,1,7.0,0.0,,3comp
POX42,2026-05-16 12:14:37.238,1,7.0,0.0,,3comp
POX42,2026-05-17 12:21:39.821,1,7.0,0.0,,3comp
POX42,2026-05-17 13:47:39.974,1,7.0,0.0,,3comp
POX46,2026-02-01 05:48:26.410,1,5.5,5.372673,3.0000333333333336,3comp
POX46,2026-02-01 16:00:26.841,1,5.5,4.94344,10.0001,3comp
POX46,2026-02-01 17:30:26.886,1,5.5,5.151651,1.0000166666666666,3comp
POX46,2026-02-02 07:08:27.473,1,5.5,5.340119,3.00005,3comp
POX46,2026-02-02 11:16:27.683,1,5.5,5.443696,3.00005,3comp
POX46,2026-02-06 22:40:33.156,1,5.5,5.300428,10.000133333333334,3comp
POX46,2026-02-08 04:41:34.556,1,9.0,5.606707,0.0,3comp
POX46,2026-02-08 05:49:34.614,1,10.0,5.556635,0.0,3comp
POX46,2026-02-08 20:04:35.270,1,5.5,5.307831,5.000066666666667,3comp
POX46,2026-02-09 05:42:35.787,1,5.5,5.327876,6.0001,3comp
POX46,2026-02-09 12:42:36.167,1,5.5,5.367913,10.000133333333334,3comp
POX46,2026-02-12 05:36:40.091,1,5.5,5.374373,2.000033333333333,3comp
POX46,2026-02-12 07:54:40.236,1,5.5,5.279605,1.0000166666666666,3comp
POX46,2026-02-12 22:47:41.075,1,5.5,5.084624,21.00035,3comp
POX46,2026-02-13 23:17:42.549,1,5.5,5.261879,2.000033333333333,3comp
POX46,2026-02-14 02:40:42.753,1,5.5,5.484293,3.00005,3comp
POX46,2026-02-14 04:48:42.882,1,5.5,5.315063,10.000166666666667,3comp
POX46,2026-02-14 18:10:43.670,1,5.5,5.427646,16.000216666666667,3comp
POX46,2026-02-15 14:23:44.839,1,5.5,5.236606,10.00015,3comp
POX46,2026-02-15 19:23:45.050,1,5.5,5.24405,23.00025,3comp
POX46,2026-02-19 20:40:50.183,1,5.5,5.485178,2.0000166666666668,3comp
POX46,2026-02-20 06:32:50.701,1,9.0,6.685011,19.000283333333336,3comp
POX46,2026-02-21 06:56:51.790,1,9.0,6.100254,0.0,3comp
POX46,2026-02-21 11:03:52.009,1,8.0,6.266679,90.00125,3comp
POX46,2026-02-22 08:34:53.032,1,8.0,6.124819,0.0,3comp
POX46,2026-02-22 19:34:53.554,1,5.5,5.472279,1.0,3comp
POX46,2026-02-23 09:04:54.136,1,5.5,5.465474,1.0000166666666666,3comp
POX46,2026-02-23 11:49:54.259,1,5.5,5.356843,1.0000166666666666,3comp
POX46,2026-02-26 09:19:58.030,1,5.5,4.356531,27.000433333333334,3comp
POX46,2026-02-26 17:41:58.433,1,5.5,4.902434,43.00053333333334,3comp
POX46,2026-02-26 19:26:58.510,1,5.5,5.449492,2.0000166666666668,3comp
POX46,2026-02-26 20:56:58.581,1,5.5,5.44337,2.000033333333333,3comp
POX46,2026-03-01 04:54:01.598,1,5.5,5.498664,2.000033333333333,3comp
POX46,2026-03-04 13:43:06.121,1,5.5,5.442262,6.0001,3comp
POX46,2026-03-06 13:34:55.264,1,5.5,5.401722,18.00025,3comp
POX46,2026-03-08 01:03:56.904,1,5.5,5.393754,2.000033333333333,3comp
POX46,2026-03-09 12:26:58.452,1,5.5,5.475859,1.0000166666666666,3comp
POX46,2026-03-15 12:19:05.443,1,11.0,7.689478,0.0,3comp
POX46,2026-05-07 14:14:27.971,1,2.0,0.0,,3comp
POX46,2026-05-07 16:35:28.121,1,2.0,0.0,,3comp
POX46,2026-05-07 17:13:28.162,1,2.0,0.0,,3comp
POX46,2026-05-08 10:31:03.331,1,2.0,0.0,,3comp
POX46,2026-05-08 10:40:03.340,1,2.0,0.0,,3comp
POX46,2026-05-08 15:31:03.649,1,2.0,0.0,,3comp
POX46,2026-05-08 16:10:03.690,1,2.0,0.0,,3comp
POX46,2026-05-08 16:28:03.710,1,2.0,0.0,,3comp
POX46,2026-05-08 16:45:03.728,1,2.0,0.0,,3comp
POX46,2026-05-09 11:01:26.385,1,5.0,0.0,,3comp
POX46,2026-05-09 11:32:26.417,1,5.0,0.0,,3comp
POX46,2026-05-09 11:47:26.433,1,5.0,0.0,,3comp
POX46,2026-05-09 12:26:26.475,1,5.0,0.0,,3comp
POX46,2026-05-09 12:41:07.117,1,5.0,0.0,,3comp
POX46,2026-05-09 12:43:07.120,1,5.0,0.0,,3comp
POX46,2026-05-09 16:36:07.722,1,5.0,0.0,,3comp
POX46,2026-05-10 09:55:13.022,1,5.0,0.0,,3comp
POX46,2026-05-10 10:08:13.035,1,5.0,0.0,,3comp
POX46,2026-05-11 10:21:47.868,1,10.0,0.0,,3comp
POX46,2026-05-11 10:46:47.895,1,10.0,0.0,,3comp
POX46,2026-05-11 11:07:37.564,1,10.0,0.0,,3comp
POX46,2026-05-11 11:24:02.182,1,10.0,0.0,,3comp
POX46,2026-05-11 11:42:49.550,1,10.0,0.0,,3comp
POX46,2026-05-12 18:23:01.078,1,5.0,0.0,,3comp
POX46,2026-05-13 11:18:50.065,1,5.0,0.0,,3comp
POX46,2026-05-13 13:34:50.210,1,5.0,0.0,,3comp
POX46,2026-05-13 15:39:50.345,1,5.0,0.0,,3comp
POX46,2026-05-13 18:01:48.082,1,5.0,0.0,,3comp
POX46,2026-05-14 10:14:05.207,1,5.0,0.0,,3comp
POX46,2026-05-14 12:48:05.370,1,5.0,0.0,,3comp
POX46,2026-05-14 14:04:05.452,1,5.0,0.0,,3comp
POX46,2026-05-22 02:09:08.911,1,6.5,6.378938,39.0007,3comp
POX46,2026-05-23 03:12:51.154,1,6.5,6.441749,3.00005,3comp
POX46,2026-05-23 14:47:51.898,1,6.5,6.490874,0.0,3comp
POX46,2026-05-23 16:22:51.999,1,6.5,6.146184,0.0,3comp
POX46,2026-05-24 04:27:49.701,1,6.5,6.386893,2.000033333333333,3comp
POX46,2026-05-24 06:07:49.805,1,6.5,6.498842,2.000033333333333,3comp
POX47,2026-05-02 16:40:32.557,1,13.0,8.542897,0.0,3comp
POX47,2026-05-02 18:40:32.713,1,13.0,9.369799,,3comp
POX47,2026-05-04 16:39:43.132,1,13.0,8.661135,0.0,3comp
POX47,2026-05-04 18:49:43.298,1,13.0,8.72753,,3comp
POX47,2026-05-06 03:58:52.878,1,13.0,8.933125,0.0,3comp
POX47,2026-05-06 04:29:52.920,1,13.0,8.953473,,3comp
POX47,2026-05-06 09:07:53.299,1,13.0,8.920533,,3comp
POX47,2026-05-11 22:36:35.181,1,7.0,6.224923,,3comp
POX47,2026-05-11 22:46:35.194,1,7.0,6.254024,,3comp
POX47,2026-05-11 22:56:35.207,1,7.0,6.322741,,3comp
POX47,2026-05-11 23:06:35.220,1,7.0,6.448178,,3comp
POX47,2026-05-11 23:16:35.233,1,7.0,6.470366,,3comp
POX47,2026-05-11 23:25:35.245,1,7.0,6.345258,,3comp
POX47,2026-05-11 23:35:35.259,1,7.0,6.388089,,3comp
POX47,2026-05-11 23:45:35.272,1,7.0,6.391427,,3comp
POX47,2026-05-11 23:55:35.286,1,7.0,6.389001,,3comp
POX47,2026-05-12 00:05:35.300,1,7.0,6.268155,,3comp
POX47,2026-05-12 00:15:35.314,1,7.0,6.480482,,3comp
POX47,2026-05-12 00:25:35.328,1,7.0,6.497303,,3comp
POX47,2026-05-12 00:35:35.342,1,7.0,6.622279,,3comp
POX47,2026-05-12 00:45:35.356,1,7.0,6.485255,,3comp
POX47,2026-05-12 00:55:35.369,1,7.0,6.5126,,3comp
POX47,2026-05-12 01:05:35.383,1,7.0,6.629014,,3comp
POX47,2026-05-12 01:15:35.397,1,7.0,6.626077,,3comp
POX47,2026-05-12 01:25:35.411,1,7.0,6.585921,,3comp
POX47,2026-05-12 01:35:35.425,1,7.0,6.535584,,3comp
POX47,2026-05-12 01:45:35.439,1,7.0,6.629765,,3comp
POX47,2026-05-12 01:55:35.454,1,7.0,6.60438,,3comp
POX47,2026-05-12 02:05:35.468,1,7.0,6.613162,,3comp
POX47,2026-05-12 02:15:35.482,1,7.0,6.575284,,3comp
POX47,2026-05-12 02:25:35.496,1,7.0,6.552007,,3comp
POX47,2026-05-12 02:35:35.510,1,7.0,6.564695,,3comp
POX47,2026-05-12 02:45:35.524,1,7.0,6.603566,,3comp
POX47,2026-05-12 02:55:35.538,1,7.0,6.61804,,3comp
POX47,2026-05-12 03:05:35.552,1,7.0,6.480649,,3comp
POX47,2026-05-12 03:15:35.566,1,7.0,6.438321,,3comp
POX47,2026-05-12 03:25:35.581,1,7.0,6.531664,,3comp
POX47,2026-05-12 03:35:35.595,1,7.0,6.642418,,3comp
POX47,2026-05-12 03:45:35.609,1,7.0,6.529954,,3comp
POX47,2026-05-12 03:55:35.623,1,7.0,6.691567,,3comp
POX47,2026-05-12 04:05:35.637,1,7.0,6.612605,,3comp
POX47,2026-05-12 04:15:35.651,1,7.0,6.580241,,3comp
POX47,2026-05-12 04:25:35.665,1,7.0,6.566889,,3comp
POX47,2026-05-12 04:35:35.679,1,7.0,6.578703,,3comp
POX47,2026-05-12 04:45:35.693,1,7.0,6.668064,,3comp
POX47,2026-05-12 04:55:35.706,1,7.0,6.632926,,3comp
POX47,2026-05-12 05:05:35.720,1,7.0,6.556313,,3comp
POX47,2026-05-12 05:15:35.734,1,7.0,6.559392,,3comp
POX47,2026-05-12 05:25:35.748,1,7.0,6.592603,,3comp
POX47,2026-05-12 05:35:35.761,1,7.0,6.686749,,3comp
POX47,2026-05-12 05:45:35.775,1,7.0,6.630756,,3comp
POX47,2026-05-12 05:55:35.789,1,7.0,6.71925,,3comp
POX47,2026-05-12 06:05:35.803,1,7.0,6.545963,,3comp
POX47,2026-05-12 06:15:35.817,1,7.0,6.531662,,3comp
POX47,2026-05-12 06:25:35.830,1,7.0,6.472413,,3comp
POX47,2026-05-12 06:35:35.844,1,7.0,6.333762,,3comp
POX47,2026-05-12 06:45:35.858,1,7.0,6.347435,,3comp
POX47,2026-05-12 06:55:35.872,1,7.0,6.303288,,3comp
POX47,2026-05-12 07:05:35.886,1,7.0,6.427646,,3comp
POX47,2026-05-12 07:15:35.900,1,7.0,6.395658,,3comp
POX47,2026-05-12 07:25:35.915,1,7.0,6.308702,,3comp
POX47,2026-05-12 07:35:35.929,1,7.0,6.368827,,3comp
POX47,2026-05-12 07:45:35.943,1,7.0,6.292821,351.0079666666667,3comp
POX47,2026-05-12 07:55:35.957,1,7.0,6.385787,341.0077333333333,3comp
POX47,2026-05-12 08:05:35.971,1,7.0,6.399818,331.0075,3comp
POX47,2026-05-12 08:15:35.985,1,7.0,6.505437,321.0072666666667,3comp
POX47,2026-05-12 08:25:35.999,1,7.0,6.341659,311.0070333333333,3comp
POX47,2026-05-12 08:35:36.013,1,7.0,6.366432,301.0068,3comp
POX47,2026-05-12 08:45:36.027,1,7.0,6.569738,291.0065666666667,3comp
POX47,2026-05-12 08:55:36.041,1,7.0,6.517536,281.0063333333334,3comp
POX47,2026-05-12 09:05:36.055,1,7.0,6.408134,271.0061,3comp
POX47,2026-05-12 12:08:36.301,1,7.0,6.379976,88.002,3comp
POX47,2026-05-12 12:36:36.339,1,7.0,6.505386,60.00136666666666,3comp
POX47,2026-05-12 14:29:36.493,1,7.0,6.54749,0.0,3comp
POX47,2026-05-12 14:44:36.512,1,7.0,6.756358,43.000933333333336,3comp
POX47,2026-05-12 14:59:36.532,1,7.0,6.653462,28.000600000000002,3comp
POX47,2026-05-12 15:38:36.583,1,7.0,6.554394,,3comp
POX47,2026-05-12 15:48:36.596,1,7.0,6.684414,,3comp
POX47,2026-05-12 16:03:36.616,1,7.0,6.753715,,3comp
POX47,2026-05-12 16:13:36.630,1,7.0,6.762193,,3comp
POX47,2026-05-12 16:23:36.643,1,7.0,6.742241,,3comp
POX47,2026-05-12 16:33:36.657,1,7.0,6.736238,,3comp
POX47,2026-05-12 16:43:36.671,1,7.0,6.700861,,3comp
POX47,2026-05-12 16:53:36.685,1,7.0,6.614869,,3comp
POX47,2026-05-12 17:03:36.699,1,7.0,6.63032,,3comp
POX47,2026-05-12 17:13:36.713,1,7.0,6.478354,,3comp
POX47,2026-05-12 17:23:36.727,1,7.0,6.452818,,3comp
POX47,2026-05-12 17:33:36.741,1,7.0,6.309789,,3comp
POX47,2026-05-12 17:43:36.755,1,7.0,6.288464,,3comp
POX47,2026-05-12 17:53:36.769,1,7.0,6.04718,,3comp
POX47,2026-05-12 18:03:36.783,1,7.0,6.291579,,3comp
POX47,2026-05-12 18:13:36.796,1,7.0,6.249201,,3comp
POX47,2026-05-12 18:23:36.810,1,7.0,6.399995,,3comp
POX47,2026-05-12 18:33:36.824,1,7.0,6.386101,,3comp
POX47,2026-05-12 18:43:36.838,1,7.0,6.026741,,3comp
POX47,2026-05-12 18:53:36.852,1,7.0,5.982813,,3comp
POX47,2026-05-12 19:03:36.866,1,7.0,5.950579,,3comp
POX47,2026-05-12 19:13:36.880,1,7.0,6.022565,,3comp
POX47,2026-05-12 19:23:36.894,1,7.0,5.991099,,3comp
POX47,2026-05-12 19:33:36.908,1,7.0,6.200421,,3comp
POX47,2026-05-12 19:43:36.922,1,7.0,6.244934,,3comp
POX47,2026-05-12 19:53:36.936,1,7.0,5.975799,,3comp
POX47,2026-05-12 20:03:36.950,1,7.0,5.936671,,3comp
POX47,2026-05-12 20:13:36.964,1,7.0,5.844741,,3comp
POX47,2026-05-12 20:23:36.978,1,7.0,5.920269,,3comp
POX47,2026-05-12 20:33:36.992,1,7.0,6.020253,,3comp
POX47,2026-05-12 20:43:37.006,1,7.0,5.990936,,3comp
POX47,2026-05-12 20:53:37.020,1,7.0,6.204401,,3comp
POX47,2026-05-12 21:03:37.034,1,7.0,6.367118,,3comp
POX47,2026-05-12 21:13:37.048,1,7.0,6.203495,,3comp
POX47,2026-05-12 21:23:37.063,1,7.0,6.167618,,3comp
POX47,2026-05-12 21:33:37.077,1,7.0,6.09977,,3comp
POX47,2026-05-12 21:43:37.091,1,7.0,6.183856,,3comp
POX47,2026-05-12 21:52:37.103,1,7.0,6.244526,,3comp
POX47,2026-05-12 22:02:37.117,1,7.0,6.222685,,3comp
POX47,2026-05-12 22:12:37.131,1,7.0,6.221464,,3comp
POX47,2026-05-12 22:22:37.145,1,7.0,6.264094,,3comp
POX47,2026-05-12 22:32:37.159,1,7.0,6.224411,,3comp
POX47,2026-05-12 22:42:37.174,1,7.0,6.275852,,3comp
POX47,2026-05-12 22:52:37.188,1,7.0,6.198751,,3comp
POX47,2026-05-12 23:02:37.202,1,7.0,6.29431,,3comp
POX47,2026-05-12 23:12:37.216,1,7.0,6.392929,,3comp
POX47,2026-05-12 23:22:37.230,1,7.0,6.620906,,3comp
POX47,2026-05-12 23:32:37.244,1,7.0,6.502079,,3comp
POX47,2026-05-12 23:42:37.258,1,7.0,6.654213,,3comp
POX47,2026-05-12 23:52:37.272,1,7.0,6.717133,,3comp
POX47,2026-05-13 00:02:37.286,1,7.0,6.557134,,3comp
POX47,2026-05-13 00:12:37.300,1,7.0,6.587687,,3comp
POX47,2026-05-13 00:22:37.314,1,7.0,6.633479,,3comp
POX47,2026-05-13 00:32:37.328,1,7.0,6.644998,,3comp
POX47,2026-05-13 00:42:37.342,1,7.0,6.547133,,3comp
POX47,2026-05-13 00:52:37.356,1,7.0,6.585635,,3comp
POX47,2026-05-13 01:02:37.369,1,7.0,6.611749,,3comp
POX47,2026-05-13 01:12:37.383,1,7.0,6.618709,,3comp
POX47,2026-05-13 01:22:37.397,1,7.0,6.467799,,3comp
POX47,2026-05-13 01:32:37.411,1,7.0,6.454874,,3comp
POX47,2026-05-13 01:42:37.425,1,7.0,6.337857,,3comp
POX47,2026-05-13 01:52:37.438,1,7.0,6.442832,,3comp
POX47,2026-05-13 02:02:37.452,1,7.0,6.347084,,3comp
POX47,2026-05-13 02:12:37.466,1,7.0,6.278577,,3comp
POX47,2026-05-13 02:22:37.480,1,7.0,6.178749,,3comp
POX47,2026-05-13 02:32:37.494,1,7.0,6.24193,,3comp
POX47,2026-05-13 02:42:37.507,1,7.0,6.143102,,3comp
POX47,2026-05-13 02:52:37.521,1,7.0,6.281453,,3comp
POX47,2026-05-13 03:02:37.535,1,7.0,6.186433,,3comp
POX47,2026-05-13 03:12:37.548,1,7.0,6.258617,,3comp
POX47,2026-05-13 03:22:37.562,1,7.0,6.183395,,3comp
POX47,2026-05-13 03:32:37.576,1,7.0,6.189278,,3comp
POX47,2026-05-13 03:42:37.589,1,7.0,6.253285,,3comp
POX47,2026-05-13 03:52:37.603,1,7.0,6.349713,,3comp
POX47,2026-05-13 04:02:37.617,1,7.0,6.223757,,3comp
POX47,2026-05-13 04:12:37.630,1,7.0,6.318611,,3comp
POX47,2026-05-13 04:22:37.644,1,7.0,6.349288,,3comp
POX47,2026-05-13 04:32:37.658,1,7.0,6.372375,,3comp
POX47,2026-05-13 04:42:37.671,1,7.0,6.299149,,3comp
POX47,2026-05-13 04:52:37.685,1,7.0,6.306606,,3comp
POX47,2026-05-13 05:02:37.699,1,7.0,6.329867,,3comp
POX47,2026-05-13 05:12:37.712,1,7.0,6.119584,,3comp
POX47,2026-05-13 05:22:37.726,1,7.0,6.083508,,3comp
POX47,2026-05-13 05:32:37.740,1,7.0,5.91741,,3comp
POX47,2026-05-13 05:42:37.754,1,7.0,6.103875,,3comp
POX47,2026-05-13 05:52:37.768,1,7.0,6.068739,,3comp
POX47,2026-05-13 06:02:37.782,1,7.0,6.169999,,3comp
POX47,2026-05-13 06:12:37.796,1,7.0,6.116873,,3comp
POX47,2026-05-13 06:22:37.810,1,7.0,6.084739,,3comp
POX47,2026-05-13 06:32:37.824,1,7.0,5.875175,,3comp
POX47,2026-05-13 06:42:37.838,1,7.0,5.574859,,3comp
POX47,2026-05-13 06:52:37.852,1,7.0,5.232559,,3comp
POX47,2026-05-13 07:02:37.867,1,7.0,5.250854,,3comp
POX47,2026-05-13 07:12:37.880,1,7.0,5.634552,,3comp
POX47,2026-05-13 07:22:37.895,1,7.0,5.320182,,3comp
POX47,2026-05-13 07:32:37.909,1,7.0,5.332812,,3comp
POX47,2026-05-13 07:42:37.922,1,7.0,5.389143,,3comp
POX47,2026-05-13 07:52:37.936,1,7.0,5.155544,,3comp
POX47,2026-05-13 08:02:37.950,1,7.0,5.269073,,3comp
POX47,2026-05-13 08:12:37.964,1,7.0,5.08189,,3comp
POX47,2026-05-13 08:22:37.978,1,7.0,5.273517,,3comp
POX47,2026-05-13 08:32:37.992,1,7.0,5.550615,,3comp
POX47,2026-05-13 08:42:38.006,1,7.0,5.832646,,3comp
POX47,2026-05-13 08:52:38.020,1,7.0,6.041012,,3comp
POX47,2026-05-13 09:02:38.034,1,7.0,5.830709,,3comp
POX47,2026-05-13 09:12:38.048,1,7.0,5.679599,,3comp
POX47,2026-05-13 09:22:38.062,1,7.0,5.877675,,3comp
POX47,2026-05-13 09:32:38.076,1,7.0,5.953201,,3comp
POX47,2026-05-13 09:42:38.091,1,7.0,6.060699,,3comp
POX47,2026-05-13 09:52:38.105,1,7.0,6.246962,,3comp
POX47,2026-05-13 10:02:38.119,1,7.0,6.200919,,3comp
POX47,2026-05-13 10:12:38.133,1,7.0,6.042746,,3comp
POX47,2026-05-13 10:22:38.147,1,7.0,6.073351,,3comp
POX47,2026-05-13 10:32:38.161,1,7.0,6.148979,,3comp
POX47,2026-05-13 10:42:38.175,1,7.0,6.072832,,3comp
POX47,2026-05-13 10:52:38.189,1,7.0,6.076427,,3comp
POX47,2026-05-13 11:02:38.203,1,7.0,5.998494,,3comp
POX47,2026-05-13 11:12:38.217,1,7.0,6.044299,,3comp
POX47,2026-05-13 11:22:38.231,1,7.0,6.019314,,3comp
POX47,2026-05-13 11:32:38.244,1,7.0,6.003587,,3comp
POX47,2026-05-13 11:42:38.258,1,7.0,6.028686,,3comp
POX47,2026-05-13 11:52:38.272,1,7.0,6.043658,,3comp
POX47,2026-05-13 12:02:38.286,1,7.0,6.110422,,3comp
POX47,2026-05-13 12:12:38.300,1,7.0,6.054846,,3comp
POX47,2026-05-13 12:22:38.314,1,7.0,6.321286,,3comp
POX47,2026-05-13 12:32:38.328,1,7.0,6.199222,,3comp
POX47,2026-05-13 12:42:38.342,1,7.0,6.303183,,3comp
POX47,2026-05-13 12:52:38.356,1,7.0,6.110776,,3comp
POX47,2026-05-13 13:02:38.369,1,7.0,6.140899,,3comp
POX47,2026-05-13 13:12:38.383,1,7.0,6.114099,,3comp
POX47,2026-05-13 13:22:38.396,1,7.0,6.146681,,3comp
POX47,2026-05-13 13:32:38.410,1,7.0,6.120626,,3comp
POX47,2026-05-13 13:42:38.424,1,7.0,6.152641,,3comp
POX47,2026-05-13 13:52:38.437,1,7.0,6.406066,,3comp
POX47,2026-05-13 14:02:38.451,1,7.0,6.100465,,3comp
POX47,2026-05-13 14:12:38.464,1,7.0,6.241618,,3comp
POX47,2026-05-13 14:22:38.478,1,7.0,6.106571,,3comp
POX47,2026-05-13 14:32:38.492,1,7.0,6.42519,,3comp
POX47,2026-05-13 14:42:38.505,1,7.0,6.159766,,3comp
POX47,2026-05-13 14:52:38.519,1,7.0,6.079787,,3comp
POX47,2026-05-13 15:02:38.533,1,7.0,6.372778,,3comp
POX47,2026-05-13 15:12:38.547,1,7.0,6.42311,,3comp
POX47,2026-05-13 15:22:38.561,1,7.0,6.476175,,3comp
POX47,2026-05-13 15:32:38.574,1,7.0,6.266397,,3comp
POX47,2026-05-13 15:42:38.588,1,7.0,6.383677,,3comp
POX47,2026-05-13 15:52:38.602,1,7.0,6.142532,,3comp
POX47,2026-05-13 16:02:38.616,1,7.0,6.057645,,3comp
POX47,2026-05-13 16:12:38.630,1,7.0,6.114736,,3comp
POX47,2026-05-13 16:22:38.644,1,7.0,6.486603,,3comp
POX47,2026-05-13 16:32:38.658,1,7.0,6.19707,,3comp
POX47,2026-05-13 16:42:38.672,1,11.0,6.206387,,3comp
POX47,2026-05-13 16:52:38.685,1,11.0,6.300066,,3comp
POX47,2026-05-13 17:02:38.699,1,11.0,6.296127,,3comp
POX47,2026-05-13 17:12:38.713,1,11.0,6.611318,,3comp
POX47,2026-05-13 17:22:38.727,1,11.0,6.382239,,3comp
POX47,2026-05-13 17:32:38.741,1,11.0,6.312845,,3comp
POX47,2026-05-13 17:42:38.755,1,11.0,6.5288,,3comp
POX47,2026-05-13 17:52:38.769,1,11.0,6.330997,,3comp
POX47,2026-05-13 18:02:38.783,1,11.0,6.243668,,3comp
POX47,2026-05-13 18:12:38.797,1,11.0,6.018791,,3comp
POX47,2026-05-13 18:22:38.811,1,11.0,5.976316,,3comp
POX47,2026-05-13 18:32:38.826,1,11.0,6.040516,,3comp
POX47,2026-05-13 18:42:38.840,1,11.0,6.111109,,3comp
POX47,2026-05-13 18:52:38.854,1,11.0,6.091558,,3comp
POX47,2026-05-13 19:02:38.868,1,11.0,6.051209,,3comp
POX47,2026-05-13 19:12:38.882,1,11.0,6.083559,,3comp
POX47,2026-05-13 19:22:38.896,1,11.0,5.956757,,3comp
POX47,2026-05-13 19:32:38.910,1,11.0,5.953474,,3comp
POX47,2026-05-13 19:42:38.925,1,11.0,5.836901,,3comp
POX47,2026-05-13 19:52:38.939,1,11.0,5.730216,,3comp
POX47,2026-05-13 20:02:38.953,1,11.0,5.894241,,3comp
POX47,2026-05-13 20:12:38.967,1,11.0,5.731861,,3comp
POX47,2026-05-13 20:22:38.981,1,11.0,5.635827,,3comp
POX47,2026-05-13 20:32:38.996,1,11.0,5.686761,,3comp
POX47,2026-05-13 20:42:39.010,1,11.0,5.486248,,3comp
POX47,2026-05-13 20:52:39.024,1,11.0,5.557106,,3comp
POX47,2026-05-13 21:02:39.038,1,11.0,5.715859,,3comp
POX47,2026-05-13 21:12:39.053,1,11.0,5.912109,,3comp
POX47,2026-05-13 21:22:39.067,1,11.0,6.202477,,3comp
POX47,2026-05-13 21:32:39.081,1,11.0,6.137468,,3comp
POX47,2026-05-13 21:42:39.095,1,11.0,5.440381,,3comp
POX47,2026-05-13 21:52:39.109,1,11.0,5.742886,,3comp
POX47,2026-05-13 22:02:39.123,1,11.0,5.240457,,3comp
POX47,2026-05-13 22:12:39.137,1,11.0,5.551731,,3comp
POX47,2026-05-13 22:22:39.151,1,11.0,5.468999,,3comp
POX47,2026-05-13 22:32:39.165,1,11.0,5.399503,,3comp
POX47,2026-05-13 22:42:39.179,1,11.0,5.279406,,3comp
POX47,2026-05-13 22:52:39.193,1,11.0,5.24324,,3comp
POX47,2026-05-13 23:02:39.207,1,11.0,5.319881,,3comp
POX47,2026-05-13 23:12:39.221,1,11.0,5.373179,,3comp
POX47,2026-05-13 23:22:39.235,1,11.0,5.43339,,3comp
POX47,2026-05-13 23:32:39.249,1,11.0,5.513064,,3comp
POX47,2026-05-13 23:42:39.264,1,11.0,5.557017,,3comp
POX47,2026-05-13 23:52:39.278,1,11.0,5.709293,,3comp
POX47,2026-05-14 00:02:39.292,1,11.0,5.892174,,3comp
POX47,2026-05-14 00:12:39.306,1,11.0,5.811753,,3comp
POX47,2026-05-14 00:22:39.320,1,11.0,5.855858,,3comp
POX47,2026-05-14 00:32:39.334,1,11.0,6.004599,,3comp
POX47,2026-05-14 00:42:39.348,1,11.0,6.090326,,3comp
POX47,2026-05-14 00:52:39.362,1,11.0,6.134457,,3comp
POX47,2026-05-14 01:02:39.376,1,11.0,6.12305,,3comp
POX47,2026-05-14 01:12:39.390,1,11.0,6.099193,,3comp
POX47,2026-05-14 01:22:39.404,1,11.0,6.129986,,3comp
POX47,2026-05-14 01:32:39.418,1,11.0,6.232927,,3comp
POX47,2026-05-14 01:42:39.432,1,11.0,6.303129,,3comp
POX47,2026-05-14 01:52:39.446,1,11.0,6.398568,,3comp
POX47,2026-05-14 02:02:39.461,1,11.0,6.380634,,3comp
POX47,2026-05-14 02:12:39.475,1,11.0,6.487584,,3comp
POX47,2026-05-14 02:22:39.489,1,11.0,6.303794,,3comp
POX47,2026-05-14 02:32:39.503,1,11.0,6.224024,,3comp
POX47,2026-05-14 02:42:39.517,1,11.0,6.210388,,3comp
POX47,2026-05-14 02:52:39.531,1,11.0,6.449597,,3comp
POX47,2026-05-14 03:02:39.546,1,11.0,6.430785,,3comp
POX47,2026-05-14 03:12:39.560,1,11.0,6.478101,,3comp
POX47,2026-05-14 03:22:39.574,1,11.0,6.384134,,3comp
POX47,2026-05-14 03:32:39.588,1,11.0,6.494584,,3comp
POX47,2026-05-14 03:42:39.603,1,11.0,6.30957,,3comp
POX47,2026-05-14 03:52:39.617,1,11.0,6.41875,,3comp
POX47,2026-05-14 04:02:39.631,1,11.0,6.44782,,3comp
POX47,2026-05-14 04:12:39.645,1,11.0,6.491308,,3comp
POX47,2026-05-14 04:22:39.659,1,11.0,6.452306,,3comp
POX47,2026-05-14 04:32:39.674,1,11.0,6.417663,,3comp
POX47,2026-05-14 04:42:39.688,1,11.0,6.443292,,3comp
POX47,2026-05-14 04:52:39.702,1,11.0,6.629553,,3comp
POX47,2026-05-14 05:02:39.716,1,11.0,6.870026,,3comp
POX47,2026-05-14 05:12:39.731,1,11.0,6.578853,,3comp
POX47,2026-05-14 05:22:39.745,1,11.0,6.654718,,3comp
POX47,2026-05-14 05:32:39.759,1,11.0,6.574545,,3comp
POX47,2026-05-14 05:42:39.773,1,11.0,6.609532,351.0083,3comp
POX47,2026-05-14 05:52:39.787,1,11.0,6.614301,341.00806666666665,3comp
POX47,2026-05-14 06:02:39.801,1,11.0,6.53651,331.00783333333334,3comp
POX47,2026-05-14 06:12:39.816,1,11.0,6.505138,321.00758333333334,3comp
POX47,2026-05-14 06:22:39.830,1,11.0,6.49504,311.00735,3comp
POX47,2026-05-14 06:32:39.844,1,11.0,6.62002,301.00711666666666,3comp
POX47,2026-05-14 06:42:39.858,1,11.0,6.597169,291.00688333333335,3comp
POX47,2026-05-14 06:52:39.872,1,11.0,6.366287,281.00665000000004,3comp
POX47,2026-05-14 07:02:39.886,1,11.0,6.307202,271.00641666666667,3comp
POX47,2026-05-14 07:12:39.901,1,11.0,6.222591,261.0061666666667,3comp
POX47,2026-05-14 07:22:39.915,1,11.0,6.193242,251.00593333333333,3comp
POX47,2026-05-14 07:32:39.929,1,11.0,6.09704,241.00570000000002,3comp
POX47,2026-05-14 07:42:39.943,1,11.0,6.087931,231.00546666666665,3comp
POX47,2026-05-14 07:52:39.957,1,11.0,6.037964,221.00523333333334,3comp
POX47,2026-05-14 08:02:39.972,1,11.0,6.087081,211.00498333333334,3comp
POX47,2026-05-14 08:12:39.986,1,11.0,5.984552,201.00475,3comp
POX47,2026-05-14 08:22:40.000,1,11.0,5.892778,191.0045166666667,3comp
POX47,2026-05-14 08:32:40.015,1,11.0,6.029233,181.00426666666667,3comp
POX47,2026-05-14 08:42:40.029,1,7.0,5.991515,171.00403333333333,3comp
POX47,2026-05-14 08:52:40.043,1,7.0,6.364707,161.00379999999998,3comp
POX47,2026-05-14 09:02:40.057,1,7.0,6.24527,151.00356666666667,3comp
POX47,2026-05-14 09:12:40.072,1,7.0,6.385959,141.00331666666668,3comp
POX47,2026-05-14 09:22:40.086,1,7.0,6.560892,131.00308333333334,3comp
POX47,2026-05-14 09:32:40.100,1,7.0,6.713892,121.00285000000001,3comp
POX47,2026-05-14 09:42:40.114,1,7.0,6.917104,111.00261666666667,3comp
POX47,2026-05-14 09:52:40.128,1,7.0,6.930588,101.00238333333333,3comp
POX47,2026-05-14 10:02:40.142,1,7.0,6.938704,91.00215,3comp
POX47,2026-05-14 10:12:40.157,1,7.0,6.980599,81.00189999999999,3comp
POX47,2026-05-14 10:22:40.171,1,7.0,6.988984,71.00166666666668,3comp
POX47,2026-05-14 10:32:40.185,1,7.0,6.929886,61.00143333333333,3comp
POX47,2026-05-14 10:42:40.199,1,7.0,6.978029,51.001200000000004,3comp
POX47,2026-05-14 10:52:40.213,1,7.0,6.950198,41.00096666666666,3comp
POX47,2026-05-14 12:12:40.326,1,7.0,6.956707,23.000533333333333,3comp
POX47,2026-05-14 20:04:40.958,1,11.0,6.792993,,3comp
POX47,2026-05-15 22:11:43.150,1,11.0,6.830539,,3comp
POX47,2026-05-17 21:12:14.840,1,7.0,6.467572,221.00521666666666,3comp
POX47,2026-05-18 09:19:15.874,1,7.0,6.534612,75.00178333333334,3comp
POX47,2026-05-18 23:24:17.000,1,11.0,6.125734,,3comp
POX47,2026-05-19 23:50:19.025,1,11.0,6.58314,,3comp
POX47,2026-05-20 23:56:20.507,1,11.0,5.551544,,3comp
POX47,2026-05-21 12:21:45.519,1,12.0,5.846751,,3comp
POX47,2026-05-22 02:45:46.555,1,12.0,5.646354,0.0,3comp
POX47,2026-05-22 03:28:46.613,1,12.0,5.763861,0.0,3comp
POX47,2026-05-22 03:38:46.627,1,12.0,5.781194,0.0,3comp
POX47,2026-05-22 03:50:46.643,1,12.0,5.7782,0.0,3comp
POX47,2026-05-24 00:17:56.698,1,11.0,6.105468,,3comp
POX47,2026-05-24 23:18:58.503,1,11.0,5.989771,,3comp
POX48,2026-02-05 17:31:15.294,1,6.5,4.861975,,3comp
POX48,2026-02-09 04:11:19.062,1,6.5,6.277295,24.000316666666667,3comp
POX48,2026-02-10 17:50:21.037,1,16.5,7.615314,0.0,3comp
POX48,2026-02-10 20:11:21.163,1,16.5,6.127192,,3comp
POX48,2026-02-13 11:48:24.713,1,16.5,3.400457,,3comp
POX48,2026-02-18 13:28:30.870,1,8.0,6.951004,0.0,3comp
POX48,2026-02-22 03:38:34.528,1,6.5,6.361128,5.000083333333333,3comp
POX48,2026-02-22 06:45:34.703,1,6.5,6.314191,2.000033333333333,3comp
POX48,2026-02-22 18:01:35.191,1,6.5,5.920034,7.00005,3comp
POX48,2026-02-23 12:01:36.008,1,6.5,6.310853,3.0000333333333336,3comp
POX48,2026-02-23 23:24:36.511,1,6.5,6.293528,2.000033333333333,3comp
POX48,2026-03-07 23:02:51.712,1,6.5,6.392287,2.000033333333333,3comp
POX48,2026-03-16 07:30:01.543,1,6.5,6.358042,11.0002,3comp
POX48,2026-03-20 23:02:08.519,1,6.5,6.370291,1.0000166666666666,3comp
POX48,2026-03-21 14:17:37.684,1,6.5,6.293698,0.0,3comp
POX48,2026-03-22 02:40:38.488,1,6.5,6.257083,29.000549999999997,3comp
POX48,2026-03-22 09:10:38.922,1,6.5,6.110297,29.000516666666666,3comp
POX48,2026-03-23 14:33:40.702,1,6.5,6.452383,2.000033333333333,3comp
POX48,2026-03-23 16:11:40.804,1,6.5,6.490587,9.00015,3comp
POX48,2026-03-26 18:50:45.530,1,6.5,6.212947,0.0,3comp
POX48,2026-03-27 18:28:47.059,1,6.5,6.16231,0.0,3comp
POX48,2026-03-30 17:52:50.751,1,6.5,5.988151,0.0,3comp
POX48,2026-03-30 18:37:50.773,1,6.5,6.128961,0.0,3comp
POX48,2026-03-31 01:15:51.041,1,6.5,6.223254,30.0004,3comp
POX48,2026-03-31 15:00:51.783,1,6.5,5.704873,0.0,3comp
POX48,2026-03-31 15:52:51.831,1,6.5,5.840461,0.0,3comp
POX48,2026-03-31 16:37:51.872,1,6.5,5.851633,0.0,3comp
POX48,2026-04-01 15:15:53.207,1,6.5,5.844336,0.0,3comp
POX48,2026-04-02 16:54:54.799,1,6.5,6.350393,0.0,3comp
POX48,2026-04-03 20:32:56.531,1,6.5,6.369381,11.000183333333332,3comp
POX48,2026-04-04 15:40:57.780,1,6.5,6.447536,0.0,3comp
POX48,2026-04-04 16:25:57.811,1,6.5,5.715185,0.0,3comp
POX48,2026-04-07 15:51:02.042,1,6.5,6.293531,0.0,3comp
POX48,2026-04-07 16:44:02.085,1,6.5,6.118188,0.0,3comp
POX48,2026-04-07 17:59:02.148,1,6.5,5.992644,0.0,3comp
POX48,2026-04-08 16:07:03.516,1,6.5,5.894377,0.0,3comp
POX48,2026-04-13 17:02:10.860,1,6.5,5.54888,0.0,3comp
POX48,2026-04-13 18:47:10.970,1,6.5,6.301786,8.00015,3comp
POX48,2026-04-15 18:11:14.015,1,6.5,6.364269,0.0,3comp
POX48,2026-04-15 18:48:14.049,1,6.5,6.478066,0.0,3comp
POX48,2026-04-15 20:11:14.128,1,6.5,6.378617,3.00005,3comp
POX48,2026-04-16 00:18:14.363,1,6.5,5.96483,17.000266666666665,3comp
POX48,2026-04-17 14:56:16.923,1,6.5,6.240906,0.0,3comp
POX48,2026-04-17 15:34:16.965,1,6.5,6.146119,0.0,3comp
POX48,2026-04-17 16:57:17.056,1,6.5,6.146452,0.0,3comp
POX48,2026-04-17 17:34:17.097,1,6.5,6.126237,15.000283333333334,3comp
POX48,2026-04-18 18:20:18.780,1,6.5,5.383712,11.0002,3comp
POX48,2026-04-18 20:05:18.899,1,6.5,5.711773,44.00083333333334,3comp
POX48,2026-04-21 22:13:23.902,1,6.5,6.372176,2.000033333333333,3comp
POX48,2026-04-22 20:58:25.419,1,6.5,5.718484,0.0,3comp
POX48,2026-04-22 21:36:25.461,1,6.5,6.279712,6.0001,3comp
POX48,2026-04-23 16:13:26.671,1,6.5,5.863646,0.0,3comp
POX48,2026-04-23 17:21:26.744,1,6.5,6.143803,0.0,3comp
POX48,2026-04-23 18:06:26.792,1,6.5,5.414954,7.000116666666667,3comp
POX48,2026-04-25 15:45:29.904,1,5.5,5.423925,4.000066666666666,3comp
POX48,2026-04-27 21:16:33.552,1,6.5,6.234446,16.0003,3comp
POX48,2026-04-28 18:31:34.960,1,6.5,6.049092,10.000183333333332,3comp
POX48,2026-04-29 14:32:36.267,1,6.5,5.903911,0.0,3comp
POX48,2026-04-29 17:09:36.445,1,6.5,5.930721,0.0,3comp
POX48,2026-04-30 15:47:37.988,1,6.5,6.296814,0.0,3comp
POX48,2026-05-02 17:48:41.416,1,6.8,6.398053,163.00306666666665,3comp
POX48,2026-05-02 22:11:41.718,1,6.8,6.748318,1.0000166666666666,3comp
POX48,2026-05-03 02:04:41.988,1,6.8,6.774909,4.000083333333333,3comp
POX48,2026-05-03 04:34:42.161,1,6.8,6.391195,6.0001,3comp
POX48,2026-05-03 05:11:42.203,1,6.8,6.528019,8.00015,3comp
POX50,2026-02-07 17:50:40.256,1,8.5,7.002056,0.0,3comp
POX50,2026-04-16 10:42:05.598,1,6.0,5.884631,2.000033333333333,3comp
POX50,2026-04-17 11:07:06.733,1,6.0,5.889857,1.0000166666666666,3comp
POX50,2026-04-17 14:15:06.887,1,6.0,5.984742,3.00005,3comp
POX50,2026-04-20 08:24:10.301,1,11.0,7.499058,0.0,3comp
POX50,2026-04-20 10:01:10.384,1,11.0,6.719365,0.0,3comp
POX50,2026-04-20 10:28:10.407,1,11.0,7.038871,357.67945,3comp
POX50,2026-04-21 08:57:59.323,1,7.0,6.081575,0.0,3comp
POX50,2026-04-21 10:54:59.422,1,7.0,6.523781,12.000166666666667,3comp
POX50,2026-04-21 15:36:59.685,1,7.0,6.420966,89.00128333333333,3comp
POX50,2026-04-21 15:55:59.703,1,7.0,6.455329,70.00098333333334,3comp
POX50,2026-04-21 17:10:59.767,1,7.0,6.271427,45.00063333333333,3comp
POX50,2026-04-24 10:05:02.933,1,11.0,6.372423,,3comp
POX50,2026-04-26 14:29:18.066,1,6.0,5.771601,16.000183333333332,3comp
POX50,2026-04-26 15:00:18.089,1,6.0,5.851206,24.000316666666667,3comp
POX50,2026-04-26 21:37:18.443,1,6.0,5.799427,7.000116666666667,3comp
POX50,2026-04-30 00:39:22.532,1,6.0,5.83642,4.00005,3comp
POX50,2026-04-30 12:02:23.135,1,6.0,5.84329,21.0003,3comp
POX50,2026-05-02 15:37:25.908,1,6.0,5.677995,10.000133333333334,3comp
POX50,2026-05-07 01:57:31.492,1,6.0,5.92561,102.00151666666667,3comp
POX50,2026-05-07 04:50:31.646,1,6.0,5.951837,2.000033333333333,3comp
POX50,2026-05-12 21:08:38.470,1,6.5,6.329769,14.000183333333332,3comp
POX50,2026-05-14 17:42:40.728,1,7.0,6.959542,132.0019,3comp
POX50,2026-05-16 11:26:42.942,1,7.0,5.180944,45.000683333333335,3comp
POX50,2026-05-17 00:37:43.647,1,5.7,5.448035,6.000083333333333,3comp
POX50,2026-05-17 15:15:44.469,1,5.7,5.649281,7.0001,3comp
POX50,2026-05-17 23:45:44.890,1,5.7,5.471746,41.000616666666666,3comp
POX50,2026-05-20 01:16:47.438,1,5.7,5.576128,61.000766666666664,3comp
POX50,2026-05-20 04:24:47.579,1,5.7,5.339735,16.0002,3comp
POX50,2026-05-20 05:09:47.614,1,5.7,5.4742,50.00065,3comp
POX50,2026-05-20 17:15:48.048,1,5.7,5.091806,40.00025,3comp
POX50,2026-05-21 01:30:48.266,1,5.7,5.652016,17.00015,3comp
POX50,2026-05-21 02:15:48.290,1,5.7,5.599569,1.0,3comp
POX50,2026-05-21 04:23:48.361,1,5.7,5.449071,30.000283333333336,3comp
POX50,2026-05-21 14:30:48.776,1,5.7,5.661033,3.0000333333333336,3comp
POX50,2026-05-21 17:01:48.859,1,5.7,5.356777,8.000066666666667,3comp
POX50,2026-05-22 00:08:49.167,1,5.7,5.632443,1.0000166666666666,3comp
POX50,2026-05-22 00:46:49.202,1,5.7,5.682369,1.0,3comp
POX50,2026-05-22 06:31:49.512,1,5.7,5.654067,1.0000166666666666,3comp
POX50,2026-05-22 09:31:49.673,1,5.7,5.631976,12.000183333333332,3comp
POX50,2026-05-22 15:31:49.957,1,5.7,5.68297,11.000133333333334,3comp
POX50,2026-05-22 16:54:50.014,1,5.7,5.076402,24.0003,3comp
POX50,2026-05-22 18:46:50.097,1,5.7,5.496075,10.000133333333334,3comp
POX50,2026-05-22 19:46:50.144,1,5.7,5.470894,11.00015,3comp
POX50,2026-05-22 23:39:50.343,1,5.7,5.618064,27.0004,3comp
POX50,2026-05-23 01:16:50.428,1,5.7,5.350489,13.0002,3comp
POX50,2026-05-23 02:01:50.468,1,5.7,5.205514,19.00026666666667,3comp
POX50,2026-05-23 03:09:50.527,1,5.7,5.482978,52.000766666666664,3comp
POX50,2026-05-23 05:16:50.639,1,5.7,5.48036,64.00096666666667,3comp
POX50,2026-05-24 04:47:51.794,1,5.7,5.366196,5.000066666666667,3comp
POX50,2026-05-24 07:54:51.948,1,5.7,5.620754,16.000216666666667,3comp
POX51,2026-02-01 00:00:12.485,1,5.5,5.415577,5.000066666666667,3comp
POX51,2026-02-01 21:44:13.915,1,5.5,5.398294,4.000083333333333,3comp
POX51,2026-02-01 22:34:13.970,1,5.5,5.259135,25.0005,3comp
POX51,2026-02-03 11:54:16.771,1,6.0,4.736921,105.00216666666667,3comp
POX51,2026-02-04 01:18:17.744,1,6.0,5.669818,8.000183333333334,3comp
POX51,2026-02-04 03:58:17.964,1,6.0,5.517814,8.000183333333334,3comp
POX51,2026-02-07 19:45:25.774,1,6.0,5.207254,13.000116666666665,3comp
POX51,2026-02-08 07:34:26.704,1,6.0,4.772921,164.00385,3comp
POX51,2026-02-08 12:26:27.110,1,13.0,5.215034,20.000466666666668,3comp
POX51,2026-02-12 15:42:36.151,1,7.0,6.365283,0.0,3comp
POX51,2026-02-13 15:51:38.577,1,7.0,6.70826,,3comp
POX51,2026-02-14 10:35:40.369,1,14.0,6.029025,17.00045,3comp
POX51,2026-02-16 15:39:44.841,1,13.5,5.438693,,3comp
POX55,2026-02-02 00:48:39.267,1,5.5,5.484232,1.0000166666666666,3comp
POX55,2026-02-02 08:26:39.810,1,5.5,5.434461,2.00005,3comp
POX55,2026-02-02 14:06:40.268,1,5.5,5.410125,2.00005,3comp
POX55,2026-02-03 03:40:41.232,1,5.5,5.142807,1.0000166666666666,3comp
POX55,2026-02-03 10:37:41.790,1,5.5,5.194604,13.000283333333334,3comp
POX55,2026-02-03 14:07:42.053,1,5.5,5.499377,1.0000166666666666,3comp
POX55,2026-02-03 23:15:42.721,1,5.5,5.148913,53.00118333333333,3comp
POX55,2026-02-04 01:38:42.914,1,5.5,5.347756,14.000300000000001,3comp
POX55,2026-02-04 12:00:43.784,1,5.5,5.319711,21.000466666666668,3comp
POX55,2026-02-04 16:23:44.123,1,5.5,5.243671,31.000633333333333,3comp
POX55,2026-02-05 07:08:45.328,1,5.5,5.396581,10.00025,3comp
POX55,2026-02-05 12:13:45.787,1,5.5,5.264693,73.00178333333334,3comp
POX55,2026-02-07 13:03:49.999,1,5.5,5.282448,11.00025,3comp
POX55,2026-02-12 11:28:00.425,1,5.5,5.440317,2.00005,3comp
POX55,2026-02-14 02:27:03.874,1,5.5,5.346516,30.0007,3comp
POX55,2026-02-16 12:59:08.842,1,5.5,5.497572,16.000333333333334,3comp
POX55,2026-02-16 20:21:09.328,1,5.5,5.425597,10.000183333333332,3comp
POX55,2026-02-17 21:52:11.430,1,5.5,5.331167,21.000516666666666,3comp
POX55,2026-02-18 00:52:11.698,1,5.5,5.302394,14.00035,3comp
POX55,2026-02-19 00:30:13.748,1,5.5,5.339064,21.000533333333333,3comp
POX55,2026-02-19 01:45:13.864,1,5.5,5.277571,18.000466666666668,3comp
POX55,2026-02-19 04:23:14.114,1,5.5,5.24518,11.000283333333334,3comp
POX55,2026-02-19 10:23:14.696,1,5.5,5.382703,63.001666666666665,3comp
POX55,2026-02-20 06:01:16.329,1,5.5,5.278183,11.000283333333334,3comp
POX55,2026-02-20 07:08:16.432,1,5.5,5.470866,3.0000833333333334,3comp
POX55,2026-02-24 13:33:25.520,1,5.0,4.991447,1.0000166666666666,3comp
POX55,2026-03-02 22:58:38.935,1,5.0,4.906795,25.00065,3comp
POX55,2026-03-13 01:50:59.666,1,5.0,4.950509,38.00091666666666,3comp
POX55,2026-03-14 00:21:01.562,1,5.0,4.969658,1.0000333333333333,3comp
POX55,2026-03-14 18:44:03.247,1,5.0,4.967591,16.0004,3comp
POX55,2026-03-14 22:52:03.638,1,5.0,4.999386,14.000366666666668,3comp
POX55,2026-03-15 13:56:05.037,1,5.0,4.965691,5.000116666666667,3comp
POX55,2026-03-16 07:04:06.585,1,5.0,4.959413,108.00288333333333,3comp
POX55,2026-03-16 22:04:08.028,1,5.0,4.928931,6.000166666666667,3comp
POX55,2026-03-17 01:11:08.336,1,5.0,4.986753,9.00025,3comp
POX55,2026-03-18 10:50:11.600,1,5.0,4.845742,16.000433333333334,3comp
POX55,2026-03-20 11:21:16.188,1,5.0,4.939614,6.000166666666667,3comp
POX55,2026-03-20 16:36:16.678,1,5.0,4.725744,14.000316666666667,3comp
POX55,2026-03-21 05:44:17.869,1,5.0,4.880374,6.0001500000000005,3comp
POX55,2026-03-21 15:51:18.842,1,5.0,4.962339,1.0000166666666666,3comp
POX55,2026-03-22 15:07:28.300,1,5.0,4.836969,6.0001500000000005,3comp
POX55,2026-03-23 19:18:31.001,1,5.0,4.960808,5.000133333333333,3comp
POX55,2026-03-26 01:44:34.988,1,5.0,4.929878,1.0000166666666666,3comp
POX55,2026-04-02 09:20:49.422,1,12.0,6.14972,0.0,3comp
POX55,2026-04-04 17:37:54.495,1,5.0,4.942358,13.000233333333334,3comp
POX55,2026-04-17 16:20:20.665,1,5.0,4.9101,3.0000666666666667,3comp
POX55,2026-04-18 09:30:22.138,1,5.0,4.913414,16.0004,3comp
POX55,2026-04-20 01:22:25.902,1,5.0,4.887326,14.000383333333334,3comp
POX55,2026-04-27 00:08:40.742,1,5.0,4.819812,5.000116666666667,3comp
POX55,2026-04-28 12:26:44.008,1,5.0,4.502525,55.00131666666667,3comp
POX55,2026-04-28 15:44:44.292,1,5.0,4.467953,7.000166666666667,3comp
POX55,2026-05-01 01:25:49.658,1,5.0,4.920012,15.0004,3comp
POX55,2026-05-02 03:35:52.121,1,5.0,4.732287,24.00065,3comp
POX55,2026-05-02 11:54:52.946,1,5.0,4.963546,1.0000333333333333,3comp
POX55,2026-05-02 16:49:53.396,1,5.0,4.797008,14.000316666666667,3comp
POX55,2026-05-02 22:20:53.881,1,5.0,4.968426,8.000216666666667,3comp
POX55,2026-05-02 23:40:54.009,1,5.0,4.848933,33.000883333333334,3comp
POX55,2026-05-03 16:25:55.612,1,5.0,4.804162,64.00145,3comp
POX55,2026-05-03 19:05:55.830,1,5.0,4.928078,15.000366666666668,3comp
POX55,2026-05-04 00:05:56.287,1,5.0,4.980673,5.000116666666667,3comp
POX55,2026-05-04 18:31:57.972,1,5.0,4.746103,3.0000833333333334,3comp
POX55,2026-05-04 22:31:58.319,1,5.0,4.974352,29.0007,3comp
POX55,2026-05-04 23:21:58.392,1,5.0,4.893924,1.0000166666666666,3comp
POX55,2026-05-05 00:31:58.494,1,5.0,4.894781,17.000416666666666,3comp
POX55,2026-05-05 11:36:59.485,1,5.0,4.896051,9.000233333333334,3comp
POX55,2026-05-05 15:47:59.860,1,5.0,4.973841,16.000383333333335,3comp
POX55,2026-05-05 18:33:00.104,1,5.0,4.940615,5.000133333333333,3comp
POX55,2026-05-05 23:43:00.562,1,5.0,4.733773,26.000633333333333,3comp
POX55,2026-05-06 18:26:02.196,1,5.0,4.723399,17.000416666666666,3comp
POX55,2026-05-07 03:10:03.040,1,5.0,4.438759,28.00075,3comp
POX55,2026-05-07 03:49:03.102,1,5.0,4.874934,16.000416666666666,3comp
POX55,2026-05-07 15:39:04.180,1,5.0,4.991619,8.0002,3comp
POX55,2026-05-08 14:58:06.353,1,5.5,5.004112,0.0,3comp
POX55,2026-05-08 17:33:06.576,1,5.5,4.966124,14.000316666666667,3comp
POX55,2026-05-09 14:58:08.615,1,5.5,5.467572,5.000116666666667,3comp
POX55,2026-05-09 16:04:08.713,1,5.5,5.439895,20.00048333333333,3comp
POX55,2026-05-09 18:09:08.901,1,5.5,5.309274,17.000433333333334,3comp
POX55,2026-05-10 16:59:11.080,1,5.5,5.405447,22.000516666666666,3comp
POX55,2026-05-11 08:35:12.547,1,5.5,5.466875,1.0000333333333333,3comp
POX55,2026-05-11 10:15:12.707,1,5.5,5.376217,3.0000833333333334,3comp
POX55,2026-05-11 21:05:13.713,1,5.5,5.259711,28.0007,3comp
POX55,2026-05-12 00:10:13.997,1,5.5,5.147584,21.000533333333333,3comp
POX55,2026-05-13 00:39:16.308,1,5.5,5.261638,2.00005,3comp
POX55,2026-05-13 20:35:18.213,1,5.5,5.338046,3.0000833333333334,3comp
POX55,2026-05-13 21:05:18.261,1,5.5,5.216352,18.00048333333333,3comp
POX55,2026-05-14 12:10:19.742,1,5.5,5.318869,10.000266666666667,3comp
POX55,2026-05-14 14:10:19.938,1,5.5,5.321033,4.0001,3comp
POX55,2026-05-14 15:25:20.054,1,5.5,5.360817,7.000183333333334,3comp
POX55,2026-05-14 22:15:20.700,1,5.5,5.087256,6.000166666666667,3comp
POX55,2026-05-15 00:25:20.912,1,5.5,5.283223,5.000133333333333,3comp
POX55,2026-05-15 08:11:21.674,1,5.5,5.216388,9.00025,3comp
POX55,2026-05-15 08:36:21.715,1,5.5,5.452415,5.000133333333333,3comp
POX55,2026-05-15 10:26:21.895,1,5.5,5.323148,6.000166666666667,3comp
POX55,2026-05-15 15:01:22.326,1,5.5,5.429385,4.0001,3comp
POX55,2026-05-15 15:31:22.372,1,5.5,5.29018,6.0001500000000005,3comp
POX55,2026-05-15 21:31:22.910,1,5.5,5.336631,1.0000166666666666,3comp
POX55,2026-05-15 22:31:23.006,1,5.5,5.444549,1.0000333333333333,3comp
POX55,2026-05-16 21:42:25.179,1,5.5,5.344267,4.0001,3comp
POX55,2026-05-16 22:17:25.235,1,5.5,5.302238,13.00035,3comp
POX55,2026-05-17 11:47:26.546,1,5.5,5.258982,6.0001500000000005,3comp
POX55,2026-05-17 15:27:26.880,1,5.5,5.472741,1.0000333333333333,3comp
POX55,2026-05-17 15:52:26.915,1,5.5,5.37674,5.000116666666667,3comp
POX55,2026-05-17 23:18:27.584,1,5.5,5.000941,15.000416666666666,3comp
POX55,2026-05-18 01:23:27.787,1,5.5,5.309894,10.000266666666667,3comp
POX55,2026-05-18 02:18:27.875,1,5.5,5.313618,6.000166666666667,3comp
POX55,2026-05-18 03:38:28.004,1,5.5,5.340044,15.0004,3comp
POX55,2026-05-18 11:28:28.774,1,5.5,5.331758,4.0001,3comp
POX55,2026-05-18 15:53:29.165,1,5.5,5.377046,5.000116666666667,3comp
POX55,2026-05-20 06:34:32.627,1,5.5,5.133199,1.0000166666666666,3comp
POX55,2026-05-20 12:34:33.094,1,5.5,5.443364,4.000083333333333,3comp
POX55,2026-05-20 14:04:33.201,1,5.5,5.112908,3.00005,3comp
POX55,2026-05-21 05:27:34.132,1,5.5,5.426903,12.00025,3comp
POX55,2026-05-21 18:01:34.883,1,8.0,5.358889,25.0003,3comp
POX55,2026-05-22 14:34:36.399,1,5.5,5.21731,22.0004,3comp
POX55,2026-05-25 03:43:42.238,1,5.5,5.306253,5.000133333333333,3comp
POX59,2026-02-18 19:29:44.429,1,6.5,6.17746,6.000166666666667,3comp
POX59,2026-02-19 13:40:46.321,1,6.5,6.095448,7.000183333333334,3comp
POX59,2026-02-19 17:47:46.724,1,6.5,5.793406,32.000883333333334,3comp
POX59,2026-02-22 04:36:52.164,1,14.5,7.483276,,3comp
POX59,2026-02-23 09:11:54.497,1,6.5,5.962807,26.000600000000002,3comp
POX59,2026-02-23 18:38:55.292,1,6.5,6.273107,18.00048333333333,3comp
POX59,2026-02-23 19:25:55.369,1,6.5,6.159316,13.00035,3comp
POX59,2026-02-23 20:18:55.455,1,6.5,6.335416,30.000816666666665,3comp
POX59,2026-02-26 20:06:02.731,1,6.5,6.30951,3.0000833333333334,3comp
POX59,2026-02-26 23:50:03.125,1,6.5,6.43994,2.00005,3comp
POX59,2026-02-27 02:30:03.412,1,6.5,6.300756,8.00025,3comp
POX59,2026-02-27 02:47:03.443,1,6.5,6.258945,3.0000833333333334,3comp
POX59,2026-02-27 03:10:03.484,1,6.5,6.164369,8.000233333333334,3comp
POX59,2026-02-27 03:33:03.525,1,6.5,6.167436,1.0000333333333333,3comp
POX59,2026-02-27 15:07:04.698,1,6.5,6.471428,3.0000833333333334,3comp
POX59,2026-02-27 17:34:04.959,1,6.5,6.405887,6.000166666666667,3comp
POX59,2026-02-27 18:18:05.035,1,6.5,6.109529,20.000566666666668,3comp
POX59,2026-02-28 13:05:07.049,1,6.5,6.333721,6.000166666666667,3comp
POX59,2026-02-28 15:39:07.327,1,6.5,6.179048,8.00025,3comp
POX59,2026-02-28 16:02:07.369,1,6.5,6.323801,5.0001500000000005,3comp
POX59,2026-02-28 18:05:07.590,1,6.5,6.078647,35.00103333333333,3comp
POX59,2026-02-28 19:29:07.739,1,6.5,6.392994,1.0000333333333333,3comp
POX59,2026-03-01 10:49:09.421,1,6.5,6.412279,7.0002,3comp
POX59,2026-03-01 18:17:10.167,1,6.5,6.357298,2.0000666666666667,3comp
POX59,2026-03-02 02:14:11.040,1,14.5,7.673718,0.0,3comp
POX59,2026-03-02 03:20:11.164,1,14.5,7.556523,0.0,3comp
POX59,2026-03-02 04:20:11.276,1,14.5,6.836122,337.0101666666667,3comp
POX59,2026-03-02 16:44:12.587,1,6.5,6.486636,3.0000833333333334,3comp
POX59,2026-03-03 07:18:14.128,1,6.5,6.334169,21.000616666666666,3comp
POX59,2026-03-03 07:48:14.181,1,6.5,5.933597,10.000300000000001,3comp
POX59,2026-03-03 16:02:15.041,1,6.5,6.25438,55.00163333333333,3comp
POX59,2026-03-03 16:42:15.113,1,6.5,6.196327,15.000433333333332,3comp
POX59,2026-03-03 17:26:15.191,1,6.5,6.290704,9.000283333333334,3comp
POX59,2026-03-03 18:49:15.341,1,6.5,6.20234,5.0001500000000005,3comp
POX59,2026-03-04 06:40:16.689,1,6.5,6.198249,4.000116666666667,3comp
POX59,2026-03-05 13:04:20.023,1,6.5,6.480397,1.0000333333333333,3comp
POX59,2026-03-06 00:55:21.249,1,6.5,6.450038,1.0000333333333333,3comp
POX59,2026-03-06 02:32:21.428,1,6.5,6.478231,1.0000333333333333,3comp
POX59,2026-03-06 02:48:21.458,1,6.5,6.467884,1.0000333333333333,3comp
POX59,2026-03-06 14:45:22.746,1,6.5,6.253564,9.000233333333334,3comp
POX59,2026-03-07 02:00:23.791,1,6.5,6.420158,32.0009,3comp
POX59,2026-03-07 02:56:23.886,1,6.5,6.45136,8.000216666666667,3comp
POX59,2026-03-09 09:23:29.134,1,6.5,6.287514,13.00035,3comp
POX59,2026-03-09 14:06:29.578,1,6.5,6.196224,19.0005,3comp
POX59,2026-03-09 15:06:29.673,1,6.5,6.200963,15.0004,3comp
POX59,2026-03-12 19:27:36.904,1,6.5,6.433574,1.0000333333333333,3comp
POX59,2026-03-16 10:51:46.072,1,6.5,6.333344,5.0001500000000005,3comp
POX59,2026-03-16 11:35:46.154,1,6.5,6.442627,1.0000166666666666,3comp
POX59,2026-03-16 12:21:46.239,1,6.5,6.282444,1.0000333333333333,3comp
POX59,2026-03-16 13:18:46.345,1,6.5,6.245678,44.00135,3comp
POX59,2026-03-16 13:41:46.387,1,6.5,6.378124,21.00065,3comp
POX59,2026-03-18 08:17:51.175,1,6.5,6.221889,3.0000833333333334,3comp
POX59,2026-03-18 09:00:51.254,1,6.5,6.400872,11.000333333333334,3comp
POX59,2026-03-18 09:54:51.353,1,6.5,6.181829,10.000300000000001,3comp
POX59,2026-03-18 10:34:51.426,1,6.5,6.270449,13.0004,3comp
POX59,2026-03-18 11:17:51.504,1,6.5,6.209808,30.0009,3comp
POX59,2026-03-18 12:00:51.581,1,6.5,6.363586,27.0008,3comp
POX59,2026-03-18 12:17:51.611,1,6.5,6.38969,10.000300000000001,3comp
POX59,2026-03-19 00:48:52.992,1,6.5,6.173112,14.000433333333332,3comp
POX59,2026-03-19 01:18:53.047,1,6.5,6.321554,86.00266666666667,3comp
POX59,2026-03-19 04:01:53.350,1,6.5,6.012804,11.00035,3comp
POX59,2026-03-21 20:48:30.974,1,6.5,5.971512,21.000666666666667,3comp
POX59,2026-03-23 06:53:34.676,1,6.5,6.274567,15.00045,3comp
POX59,2026-03-23 09:47:34.994,1,6.5,6.134393,5.0001500000000005,3comp
POX59,2026-03-23 10:27:35.068,1,6.5,6.250197,3.0001,3comp
POX59,2026-03-25 09:02:40.427,1,6.5,6.257798,17.000516666666666,3comp
POX59,2026-03-25 10:09:40.551,1,6.5,6.268467,9.000283333333334,3comp
POX59,2026-03-25 10:52:40.631,1,6.5,6.216899,20.000616666666666,3comp
POX59,2026-03-25 13:23:40.911,1,6.5,6.248753,3.0000833333333334,3comp
POX59,2026-03-25 15:13:41.116,1,6.5,6.492897,6.0002,3comp
POX59,2026-03-25 16:29:41.258,1,6.5,6.271095,25.000766666666667,3comp
POX59,2026-03-25 21:40:41.834,1,6.5,6.445564,28.000883333333334,3comp
POX59,2026-03-27 07:45:45.594,1,6.5,6.420447,20.000600000000002,3comp
POX59,2026-03-27 08:01:45.623,1,6.5,6.311336,4.000116666666667,3comp
POX59,2026-03-27 09:18:45.763,1,6.5,6.375789,8.00025,3comp
POX59,2026-03-28 13:13:48.870,1,6.5,6.43447,1.0000333333333333,3comp
POX59,2026-03-28 13:43:48.925,1,6.5,6.209878,10.000300000000001,3comp
POX59,2026-03-28 15:36:49.126,1,6.5,6.196613,15.00045,3comp
POX59,2026-03-30 13:35:54.148,1,6.5,6.239323,17.00045,3comp
POX59,2026-03-30 20:53:54.879,1,6.5,6.102308,5.0001500000000005,3comp
POX59,2026-03-31 00:52:55.292,1,6.5,6.486488,3.0000833333333334,3comp
POX59,2026-03-31 12:53:56.611,1,6.5,6.439334,2.0000666666666667,3comp
POX59,2026-03-31 18:20:57.192,1,6.5,6.33052,21.000616666666666,3comp
POX59,2026-03-31 19:30:57.317,1,6.5,6.444516,3.0000833333333334,3comp
POX59,2026-04-01 02:10:58.043,1,6.5,6.298942,16.0005,3comp
POX59,2026-04-01 02:44:58.106,1,6.5,6.215159,23.0007,3comp
POX59,2026-04-01 05:10:58.376,1,6.5,6.341479,5.0001500000000005,3comp
POX59,2026-04-01 06:17:58.501,1,6.5,6.455319,6.000183333333334,3comp
POX59,2026-04-01 14:58:59.452,1,6.5,6.457416,5.0001500000000005,3comp
POX59,2026-04-01 18:31:59.831,1,6.5,6.309943,9.000266666666667,3comp
POX59,2026-04-01 19:01:59.884,1,6.5,6.300746,15.000433333333332,3comp
POX59,2026-04-02 07:53:01.278,1,6.5,6.336004,13.0004,3comp
POX59,2026-04-03 07:31:03.897,1,14.5,8.053417,0.0,3comp
POX59,2026-04-05 17:34:10.203,1,6.5,5.972988,8.000233333333334,3comp
POX59,2026-04-05 17:50:10.231,1,6.5,5.967813,4.0001,3comp
POX59,2026-04-05 18:20:10.282,1,6.5,6.245386,1.0000333333333333,3comp
POX59,2026-04-05 18:37:10.311,1,6.5,6.263026,43.00123333333333,3comp
POX59,2026-04-08 06:03:16.776,1,6.5,6.449866,3.0001,3comp
POX59,2026-04-09 11:53:20.084,1,6.5,6.211925,2.0000666666666667,3comp
POX59,2026-04-10 21:00:23.704,1,6.5,6.175531,10.000283333333334,3comp
POX59,2026-04-11 02:44:24.286,1,6.5,6.37128,19.000533333333333,3comp
POX59,2026-04-11 08:37:24.870,1,6.5,6.165596,4.000116666666667,3comp
POX59,2026-04-11 23:38:26.468,1,6.5,6.419731,4.000116666666667,3comp
POX59,2026-04-12 21:06:28.877,1,6.5,6.37257,7.000216666666666,3comp
POX59,2026-04-13 11:26:30.460,1,6.5,6.100876,8.00025,3comp
POX59,2026-04-13 12:57:30.630,1,6.5,6.453585,6.000183333333334,3comp
POX59,2026-04-13 13:40:30.710,1,6.5,6.280497,2.0000666666666667,3comp
POX59,2026-04-13 18:54:31.313,1,6.5,6.442279,3.0001,3comp
POX59,2026-04-13 20:44:31.526,1,6.5,6.303524,8.00025,3comp
POX59,2026-04-14 04:07:32.366,1,14.5,8.292943,0.0,3comp
POX59,2026-04-14 05:04:32.473,1,14.5,7.341162,0.0,3comp
POX59,2026-04-14 06:01:32.580,1,14.5,7.145973,0.0,3comp
POX59,2026-04-15 01:05:34.801,1,14.5,8.282398,0.0,3comp
POX59,2026-04-15 17:19:30.588,1,6.5,6.009527,2.0000666666666667,3comp
POX59,2026-04-15 17:49:30.641,1,6.5,6.251858,6.000183333333334,3comp
POX59,2026-04-16 01:00:31.374,1,6.5,6.441945,1.0000333333333333,3comp
POX59,2026-04-16 04:15:31.721,1,6.5,6.273805,11.000333333333334,3comp
POX59,2026-04-16 04:45:31.776,1,6.5,6.06899,13.0004,3comp
POX59,2026-04-18 01:47:36.777,1,6.5,6.272439,18.000583333333335,3comp
POX59,2026-04-18 04:12:37.051,1,6.5,6.435951,16.0005,3comp
POX59,2026-04-18 04:42:37.107,1,6.5,6.074985,5.000166666666667,3comp
POX59,2026-04-18 05:27:37.191,1,6.5,6.102963,4.000133333333333,3comp
POX59,2026-04-18 06:12:37.274,1,6.5,6.381882,1.0000333333333333,3comp
POX59,2026-04-18 16:47:38.447,1,6.5,6.485737,10.000316666666667,3comp
POX59,2026-04-18 17:17:38.503,1,6.5,6.458685,20.000616666666666,3comp
POX59,2026-04-20 05:48:42.652,1,6.5,6.315567,22.00068333333333,3comp
POX59,2026-04-20 06:33:42.736,1,6.5,6.344615,44.00136666666666,3comp
POX59,2026-04-20 17:43:43.975,1,6.5,6.433279,22.00068333333333,3comp
POX59,2026-04-20 20:38:44.302,1,6.5,6.18512,32.001,3comp
POX59,2026-04-22 02:39:47.636,1,6.5,6.406871,3.0000833333333334,3comp
POX59,2026-04-22 21:25:49.690,1,6.5,6.448193,19.000583333333335,3comp
POX59,2026-04-22 23:10:49.882,1,6.5,6.421607,3.0000833333333334,3comp
POX59,2026-04-23 05:15:50.557,1,6.5,6.414107,1.0000333333333333,3comp
POX59,2026-04-23 05:50:50.623,1,6.5,6.487009,2.00005,3comp
POX59,2026-04-23 21:06:52.325,1,6.5,6.229897,27.000833333333333,3comp
POX59,2026-04-23 21:51:52.408,1,6.5,6.353437,19.000583333333335,3comp
POX59,2026-04-24 08:46:53.660,1,6.5,6.497904,1.0000333333333333,3comp
POX59,2026-04-24 09:51:53.782,1,6.5,6.389461,4.000133333333333,3comp
POX59,2026-04-24 10:16:53.829,1,6.5,6.140791,9.000283333333334,3comp
POX59,2026-04-24 11:01:53.914,1,6.5,6.154148,8.000233333333334,3comp
POX59,2026-04-24 12:11:54.045,1,6.5,6.427497,11.00035,3comp
POX59,2026-04-24 12:46:54.112,1,6.5,6.118593,5.0001500000000005,3comp
POX59,2026-04-24 13:11:54.159,1,6.5,6.370047,3.0000833333333334,3comp
POX59,2026-04-24 13:36:54.206,1,6.5,6.205637,4.000133333333333,3comp
POX59,2026-04-24 19:26:54.866,1,6.5,6.457174,8.00025,3comp
POX59,2026-04-24 20:06:54.942,1,6.5,6.386913,3.0001,3comp
POX59,2026-04-24 20:46:55.019,1,6.5,6.429108,14.000433333333332,3comp
POX59,2026-04-24 21:36:55.113,1,6.5,6.367453,3.0001,3comp
POX59,2026-04-24 23:52:55.370,1,6.5,6.473422,1.0000166666666666,3comp
POX59,2026-04-25 00:22:55.426,1,6.5,6.496051,1.0000333333333333,3comp
POX59,2026-04-25 06:22:56.106,1,6.5,6.396178,10.000316666666667,3comp
POX59,2026-04-26 16:19:00.009,1,6.5,6.425902,9.000283333333334,3comp
POX59,2026-04-26 16:44:00.056,1,6.5,6.083069,23.000716666666666,3comp
POX59,2026-04-26 17:29:00.140,1,6.5,6.335339,8.00025,3comp
POX59,2026-04-27 02:29:01.162,1,6.5,6.370464,4.000116666666667,3comp
POX59,2026-04-27 04:44:01.417,1,6.5,6.089393,10.000316666666667,3comp
POX59,2026-04-28 10:35:04.785,1,6.5,6.346801,1.0000333333333333,3comp
POX59,2026-04-29 00:36:06.375,1,6.5,6.469084,22.00068333333333,3comp
POX59,2026-04-29 03:01:06.644,1,6.5,6.45408,2.00005,3comp
POX59,2026-04-29 17:16:08.272,1,6.5,6.460661,1.0000333333333333,3comp
POX59,2026-04-29 17:51:08.339,1,6.5,6.381631,8.00025,3comp
POX59,2026-04-30 04:01:09.482,1,6.5,6.287551,7.000216666666666,3comp
POX59,2026-04-30 04:56:09.584,1,6.5,6.18317,7.000216666666666,3comp
POX59,2026-04-30 06:01:09.704,1,6.5,6.407243,6.000183333333334,3comp
POX59,2026-04-30 09:37:10.094,1,14.5,7.002505,0.0,3comp
POX59,2026-04-30 12:27:10.402,1,14.5,8.462066,,3comp
POX59,2026-05-02 03:48:14.773,1,6.5,6.365182,2.0000666666666667,3comp
POX59,2026-05-02 04:23:14.840,1,6.5,6.4587,1.0000333333333333,3comp
POX59,2026-05-02 05:08:14.926,1,6.5,6.334764,4.000116666666667,3comp
POX59,2026-05-02 06:13:15.049,1,6.5,6.374773,4.000116666666667,3comp
POX59,2026-05-02 21:13:16.746,1,6.5,6.449638,9.000283333333334,3comp
POX59,2026-05-02 21:39:16.795,1,6.5,6.046279,13.0004,3comp
POX59,2026-05-02 22:49:16.924,1,6.5,6.288436,23.000716666666666,3comp
POX59,2026-05-02 23:44:17.026,1,6.5,6.439368,1.0000333333333333,3comp
POX59,2026-05-03 01:49:17.259,1,6.5,6.440799,3.0001,3comp
POX59,2026-05-03 02:19:17.316,1,6.5,6.298767,1.0000333333333333,3comp
POX59,2026-05-03 03:09:17.409,1,6.5,6.124477,13.0004,3comp
POX59,2026-05-03 04:54:17.602,1,6.5,6.039711,17.000516666666666,3comp
POX59,2026-05-05 06:50:23.246,1,6.5,6.344378,2.0000666666666667,3comp
POX59,2026-05-05 07:40:23.338,1,6.5,6.26194,10.000300000000001,3comp
POX59,2026-05-05 08:10:23.393,1,6.5,6.16552,3.0001,3comp
POX59,2026-05-05 12:15:23.851,1,6.5,6.075098,7.000216666666666,3comp
POX59,2026-05-06 16:40:27.042,1,6.5,6.468886,2.0000666666666667,3comp
POX59,2026-05-07 13:18:29.389,1,14.5,7.186086,0.0,3comp
POX59,2026-05-07 13:33:29.418,1,14.5,7.15094,0.0,3comp
POX59,2026-05-07 14:35:29.540,1,14.5,7.236106,334.0107,3comp
POX59,2026-05-24 00:53:11.948,1,6.5,6.471972,1.0000333333333333,3comp
POX60,2026-02-04 09:17:30.512,1,6.0,5.685001,7.0001,3comp
POX60,2026-02-04 11:10:30.598,1,6.0,5.632814,7.000083333333333,3comp
POX60,2026-02-13 15:01:40.100,1,6.5,6.489868,57.000616666666666,3comp
POX60,2026-02-20 05:46:46.925,1,11.0,9.368242,0.0,3comp
POX60,2026-02-20 06:43:46.971,1,11.0,9.295604,0.0,3comp
POX60,2026-02-20 07:39:47.017,1,11.0,8.067739,0.0,3comp
POX60,2026-02-20 08:13:47.044,1,11.0,8.312279,78.00103333333333,3comp
POX60,2026-02-21 19:35:48.567,1,6.0,5.500608,3.0000333333333336,3comp
POX60,2026-03-06 04:44:01.081,1,6.0,5.881958,9.000116666666665,3comp
POX60,2026-03-06 05:20:01.112,1,6.0,5.816581,26.000383333333332,3comp
POX60,2026-03-06 05:37:01.127,1,6.0,5.640181,9.000133333333334,3comp
POX60,2026-03-06 06:20:01.165,1,11.0,6.167079,0.0,3comp
POX60,2026-03-06 07:10:01.210,1,11.0,6.214566,0.0,3comp
POX60,2026-03-06 07:57:01.252,1,11.0,6.263995,54.0008,3comp
POX60,2026-03-06 10:45:01.396,1,6.0,5.660274,140.00171666666665,3comp
POX60,2026-03-06 18:35:01.729,1,6.0,5.832457,2.0000166666666668,3comp
POX60,2026-03-06 18:59:01.745,1,6.0,5.687419,93.00103333333333,3comp
POX60,2026-03-06 20:25:01.803,1,6.0,5.810442,7.000066666666667,3comp
POX60,2026-03-06 21:02:01.829,1,6.0,5.783218,8.000083333333333,3comp
POX60,2026-03-07 07:46:02.310,1,6.0,5.782763,1.0000166666666666,3comp
POX60,2026-03-07 09:06:02.376,1,6.0,5.928563,57.00078333333333,3comp
POX60,2026-03-11 12:12:06.144,1,6.5,5.323815,,3comp
POX60,2026-03-22 16:45:18.726,1,6.0,5.44387,2.0000166666666668,3comp
POX60,2026-03-23 07:19:19.511,1,6.0,5.830567,5.000066666666667,3comp
POX60,2026-03-23 08:46:19.590,1,6.0,5.861919,2.0000166666666668,3comp
POX60,2026-03-24 17:38:21.301,1,6.0,5.914477,14.000216666666667,3comp
POX60,2026-03-28 09:28:25.887,1,6.0,5.577416,15.000233333333334,3comp
POX60,2026-03-28 16:41:26.252,1,6.0,5.981372,1.0000166666666666,3comp
POX60,2026-03-28 17:05:26.272,1,6.0,5.979938,1.0,3comp
POX60,2026-03-28 20:35:26.445,1,6.0,5.987029,12.000166666666667,3comp
POX60,2026-03-28 20:51:26.458,1,6.0,5.715971,3.0000333333333336,3comp
POX60,2026-03-28 21:21:26.483,1,6.0,5.782111,22.0003,3comp
POX60,2026-03-28 21:58:26.513,1,6.0,5.690555,33.00045,3comp
POX60,2026-03-28 22:15:26.527,1,6.0,5.791934,16.000216666666667,3comp
POX60,2026-03-29 01:42:26.698,1,6.0,5.936683,8.000116666666667,3comp
POX60,2026-03-30 08:13:28.031,1,6.0,5.907576,2.000033333333333,3comp
POX60,2026-04-01 22:48:30.872,1,6.0,5.751299,3.0000333333333336,3comp
POX60,2026-04-01 23:27:30.905,1,6.0,5.93971,8.000116666666667,3comp
POX60,2026-04-02 07:40:31.349,1,6.0,5.786311,19.000283333333336,3comp
POX60,2026-04-02 08:40:31.403,1,6.0,5.736465,19.0003,3comp
POX60,2026-04-02 09:20:31.440,1,6.0,5.750948,14.0002,3comp
POX60,2026-04-02 11:34:31.559,1,6.0,5.966445,1.0000166666666666,3comp
POX60,2026-04-02 21:28:32.031,1,6.0,5.849093,30.00041666666667,3comp
POX60,2026-04-02 22:14:32.069,1,6.0,5.974909,16.000233333333334,3comp
POX60,2026-04-03 08:21:32.571,1,6.0,5.995982,14.0002,3comp
POX60,2026-04-03 08:48:32.593,1,6.0,5.851762,19.00026666666667,3comp
POX60,2026-04-03 09:58:32.652,1,6.0,5.745027,16.000216666666667,3comp
POX60,2026-04-07 10:52:21.417,1,6.0,5.655436,1.0000166666666666,3comp
POX60,2026-04-13 16:19:28.727,1,6.0,5.980139,3.00005,3comp
POX60,2026-04-13 17:09:28.770,1,6.0,5.976759,1.0000166666666666,3comp
POX60,2026-04-14 02:49:29.277,1,6.0,5.843645,2.000033333333333,3comp
POX60,2026-04-15 02:41:30.498,1,6.0,5.928601,2.0000166666666668,3comp
POX60,2026-04-15 15:38:31.171,1,6.0,5.853001,33.00043333333333,3comp
POX60,2026-04-16 16:39:32.449,1,6.0,5.621491,48.00071666666667,3comp
POX60,2026-04-16 17:12:32.479,1,6.0,5.615666,15.000216666666667,3comp
POX60,2026-04-16 18:09:32.529,1,6.0,5.611098,6.0001,3comp
POX60,2026-04-16 20:49:32.669,1,6.0,5.899475,9.000133333333334,3comp
POX60,2026-04-18 05:18:34.382,1,6.0,5.666511,8.000116666666667,3comp
POX60,2026-04-18 05:41:34.402,1,6.0,5.956616,1.0000166666666666,3comp
POX60,2026-04-19 12:34:36.008,1,6.0,5.179746,52.000816666666665,3comp
POX60,2026-04-19 15:54:36.189,1,6.0,5.510455,51.0007,3comp
POX60,2026-04-20 12:05:37.175,1,6.0,5.771739,6.0001,3comp
POX60,2026-04-20 12:31:37.198,1,6.0,5.979696,14.0002,3comp
POX60,2026-04-21 07:55:38.220,1,6.0,5.464609,14.000216666666667,3comp
POX60,2026-04-21 08:39:38.261,1,6.0,5.753665,6.000083333333333,3comp
POX60,2026-04-21 10:02:38.336,1,6.0,5.41578,5.000083333333333,3comp
POX60,2026-04-21 10:32:38.364,1,6.0,5.527778,5.000066666666667,3comp
POX60,2026-04-21 10:52:38.382,1,6.0,5.64713,3.00005,3comp
POX60,2026-04-21 11:16:38.404,1,6.0,5.269012,18.000283333333336,3comp
POX60,2026-04-21 12:56:38.497,1,6.0,5.505364,16.000233333333334,3comp
POX60,2026-04-21 14:32:38.584,1,6.0,5.450669,21.000316666666667,3comp
POX60,2026-04-21 18:27:38.791,1,6.0,5.723937,23.00035,3comp
POX60,2026-04-21 18:46:38.808,1,6.0,5.67118,4.000066666666666,3comp
POX60,2026-04-21 21:33:38.960,1,6.0,5.840258,28.000433333333334,3comp
POX60,2026-04-21 21:49:38.975,1,6.0,5.829022,12.000183333333332,3comp
POX60,2026-04-21 22:30:39.012,1,6.0,5.862559,2.000033333333333,3comp
POX60,2026-04-21 23:26:39.064,1,6.0,5.281115,9.000133333333334,3comp
POX60,2026-04-22 00:23:39.116,1,6.0,5.903649,3.0000333333333336,3comp
POX60,2026-04-22 00:43:39.134,1,6.0,5.31057,8.000133333333332,3comp
POX60,2026-04-22 01:03:39.153,1,6.0,5.585016,5.000066666666667,3comp
POX60,2026-04-22 01:23:39.171,1,6.0,5.392861,13.0002,3comp
POX60,2026-04-22 10:17:39.656,1,6.0,5.266508,12.000183333333332,3comp
POX60,2026-04-22 11:20:39.714,1,6.0,4.572941,103.00155,3comp
POX60,2026-04-22 22:49:40.318,1,6.0,5.585319,2.000033333333333,3comp
POX60,2026-04-23 00:49:40.427,1,6.0,5.765054,22.000333333333334,3comp
POX60,2026-04-23 01:34:40.468,1,6.0,5.379423,47.00071666666667,3comp
POX60,2026-04-23 02:44:40.532,1,6.0,5.437151,,3comp
POX60,2026-04-30 11:03:49.805,1,6.5,5.397551,78.00113333333334,3comp
POX60,2026-04-30 12:42:49.892,1,6.5,5.690555,224.00328333333334,3comp
POX60,2026-05-03 11:25:53.576,1,6.5,5.993304,28.000433333333334,3comp
POX60,2026-05-07 03:21:58.247,1,6.5,6.152123,135.00205,3comp
POX60,2026-05-25 11:00:21.467,1,11.5,5.979747,,3comp
POX61,2026-03-06 15:01:02.463,1,5.0,0.0,,3comp
POX61,2026-03-17 13:48:00.852,1,15.0,6.379624,0.0,3comp
POX61,2026-03-17 13:54:00.866,1,15.0,6.379624,0.0,3comp
POX61,2026-03-17 14:07:00.895,1,15.0,6.379624,0.0,3comp
POX61,2026-03-18 10:30:03.639,1,15.0,6.379624,201.00750000000002,3comp
POX61,2026-04-04 14:27:10.385,1,5.5,5.345536,11.0004,3comp
POX61,2026-04-04 15:08:10.474,1,5.5,5.290326,14.000516666666666,3comp
POX61,2026-04-05 03:58:12.155,1,5.5,5.409506,24.000883333333334,3comp
POX61,2026-04-05 08:35:12.766,1,5.5,5.398821,16.0006,3comp
POX61,2026-04-05 09:05:12.833,1,5.5,5.498738,1.0000333333333333,3comp
POX61,2026-04-06 12:52:16.440,1,15.5,7.328763,0.0,3comp
POX61,2026-04-06 13:10:16.480,1,15.5,7.148167,,3comp
POX61,2026-04-06 20:42:17.475,1,6.0,5.910046,3.0001,3comp
POX61,2026-04-07 06:12:18.745,1,6.0,5.960518,7.000249999999999,3comp
POX61,2026-04-07 16:16:20.090,1,6.0,5.867805,4.00015,3comp
POX61,2026-04-07 16:56:20.179,1,6.0,5.777934,9.000333333333334,3comp
POX61,2026-04-08 04:16:21.692,1,6.0,5.921585,5.0002,3comp
POX61,2026-04-08 17:56:28.145,1,6.0,5.852402,4.00015,3comp
POX61,2026-04-08 18:17:28.192,1,6.0,5.986323,2.0000666666666667,3comp
POX61,2026-04-09 03:35:29.431,1,6.0,5.998886,1.0000333333333333,3comp
POX61,2026-04-16 01:13:51.026,1,6.0,5.823677,5.000183333333334,3comp
POX61,2026-04-17 13:28:55.756,1,6.0,5.993108,6.000216666666666,3comp
POX61,2026-05-01 15:56:40.156,1,6.0,5.851398,66.00238333333333,3comp
POX61,2026-05-01 16:47:40.267,1,6.0,5.454301,15.000533333333333,3comp
POX61,2026-05-01 17:17:40.332,1,6.0,5.635176,32.00116666666666,3comp
POX61,2026-05-02 13:29:43.055,1,6.0,5.372834,24.000883333333334,3comp
POX61,2026-05-03 03:20:44.883,1,6.0,5.778913,6.000216666666666,3comp
POX61,2026-05-04 06:32:48.468,1,6.0,5.864752,21.00075,3comp
POX61,2026-05-04 07:16:48.562,1,6.0,5.91646,4.00015,3comp
POX61,2026-05-04 11:01:49.036,1,6.0,5.632985,52.00181666666666,3comp
POX61,2026-05-04 11:15:49.065,1,6.0,5.552817,38.001333333333335,3comp
POX61,2026-05-04 16:29:49.741,1,6.0,5.246533,24.000883333333334,3comp
POX61,2026-05-04 17:05:49.821,1,6.0,5.956461,3.0001,3comp
POX61,2026-05-07 19:12:59.511,1,6.0,5.598653,13.000483333333333,3comp
POX61,2026-05-08 10:34:01.584,1,6.0,5.943212,4.00015,3comp
POX61,2026-05-15 12:30:48.116,1,6.0,4.926813,115.00433333333334,3comp
POX61,2026-05-15 12:42:48.143,1,6.0,4.921769,103.00388333333333,3comp
POX61,2026-05-15 12:52:48.166,1,6.0,4.638172,93.0035,3comp
POX61,2026-05-15 12:59:48.181,1,6.0,4.499581,86.00325,3comp
POX61,2026-05-15 13:32:48.256,1,6.0,4.930085,53.001999999999995,3comp
POX61,2026-05-15 13:48:48.292,1,6.0,5.351716,37.0014,3comp
POX61,2026-05-15 14:04:48.329,1,6.0,5.732,21.000783333333334,3comp
POX61,2026-05-16 09:24:50.940,1,16.0,6.408114,0.0,3comp
POX61,2026-05-16 14:09:51.582,1,6.0,5.535483,20.000766666666667,3comp
POX61,2026-05-16 14:35:51.641,1,6.0,5.803693,11.000416666666666,3comp
POX61,2026-05-16 17:22:52.019,1,6.0,0.0,44.001666666666665,3comp
POX61,2026-05-16 17:34:52.046,1,6.0,0.0,32.00121666666667,3comp
POX61,2026-05-16 18:00:52.105,1,6.0,5.894858,6.000233333333333,3comp
POX61,2026-05-17 01:53:53.167,1,6.0,5.995383,1.0000333333333333,3comp
POX61,2026-05-17 05:45:53.686,1,6.0,5.887744,8.0003,3comp
POX61,2026-05-17 07:48:53.963,1,6.0,5.84925,14.000516666666666,3comp
POX61,2026-05-19 15:19:01.436,1,6.0,5.287192,5.000183333333334,3comp
POX61,2026-05-19 15:32:01.464,1,6.0,5.312333,67.00243333333334,3comp
POX61,2026-05-19 19:00:01.919,1,6.0,5.614302,8.0003,3comp
POX61,2026-05-21 17:15:21.352,1,6.0,5.858729,6.000216666666666,3comp
POX61,2026-05-23 10:16:26.804,1,6.0,5.973031,1.0000333333333333,3comp
POX64,2026-02-09 16:22:42.899,1,5.5,5.452848,5.0001,3comp
POX64,2026-02-21 07:36:02.032,1,15.0,5.973297,176.00358333333332,3comp
POX64,2026-02-22 03:26:03.305,1,15.0,5.642581,0.0,3comp
POX64,2026-02-22 13:26:04.025,1,5.0,4.926025,74.00126666666667,3comp
POX64,2026-02-22 16:50:04.238,1,5.0,4.886846,5.000083333333333,3comp
POX64,2026-02-22 18:13:04.315,1,5.0,4.943303,94.00156666666666,3comp
POX64,2026-02-23 03:57:04.947,1,5.0,4.875916,95.00183333333332,3comp
POX64,2026-02-23 04:27:04.981,1,5.0,4.765284,65.00126666666667,3comp
POX64,2026-02-23 09:24:05.320,1,5.0,4.961791,8.00015,3comp
POX64,2026-02-23 11:41:05.479,1,5.0,4.928405,47.000883333333334,3comp
POX64,2026-02-23 12:27:05.531,1,5.0,4.99049,1.0000166666666666,3comp
POX64,2026-02-23 12:54:05.561,1,5.0,4.880518,9.000166666666667,3comp
POX64,2026-02-23 13:27:05.596,1,5.0,4.855627,129.00221666666667,3comp
POX64,2026-02-23 13:44:05.614,1,5.0,4.827856,112.00191666666666,3comp
POX64,2026-02-23 18:30:05.914,1,5.0,4.880407,67.00123333333333,3comp
POX64,2026-02-26 06:16:10.223,1,15.0,5.030794,0.0,3comp
POX64,2026-02-26 18:57:11.034,1,5.0,4.902625,4.000066666666666,3comp
POX64,2026-02-26 19:30:11.065,1,5.0,4.926696,3.00005,3comp
POX64,2026-02-28 06:52:13.469,1,15.0,8.907718,52.00105,3comp
POX64,2026-03-28 14:56:49.977,1,5.0,4.897739,1.0000166666666666,3comp
POX64,2026-04-01 10:37:56.540,1,15.0,5.745954,0.0,3comp
POX64,2026-04-01 10:57:56.566,1,15.0,5.831751,0.0,3comp
POX64,2026-04-01 11:30:56.608,1,15.0,5.491028,0.0,3comp
POX64,2026-04-01 12:24:56.677,1,15.0,5.539942,0.0,3comp
POX64,2026-04-01 12:44:56.702,1,15.0,5.791382,0.0,3comp
POX64,2026-04-01 13:04:56.727,1,15.0,5.833519,0.0,3comp
POX64,2026-04-01 13:21:56.748,1,15.0,5.940106,,3comp
POX64,2026-04-02 08:48:58.217,1,15.0,5.7948,0.0,3comp
POX64,2026-04-02 09:12:58.247,1,15.0,5.672267,0.0,3comp
POX64,2026-04-02 10:28:58.343,1,15.0,5.886913,0.0,3comp
POX64,2026-04-02 10:52:58.372,1,15.0,5.96288,0.0,3comp
POX64,2026-04-17 08:32:24.788,1,17.0,7.483324,,3comp
POX64,2026-04-22 20:12:35.143,1,6.0,5.909106,7.0001500000000005,3comp
POX64,2026-04-23 02:37:35.598,1,6.0,5.974912,29.000583333333335,3comp
POX64,2026-04-23 05:02:35.780,1,6.0,5.798693,3.0000666666666667,3comp
POX64,2026-04-23 08:22:36.034,1,6.0,5.873345,9.0002,3comp
POX64,2026-05-14 11:20:15.681,1,6.5,4.959489,,3comp
POX64,2026-05-14 12:41:15.785,1,6.5,5.742589,,3comp
POX64,2026-05-23 17:54:31.671,1,6.5,6.277977,52.00106666666667,3comp
POX64,2026-05-24 16:05:33.224,1,6.5,6.375954,19.000366666666665,3comp
POX64,2026-05-24 20:55:33.579,1,6.5,6.371481,3.0000666666666667,3comp
POX64,2026-05-25 04:05:34.076,1,6.5,6.439216,4.000083333333333,3comp
POX64,2026-05-25 04:30:34.105,1,6.5,6.242418,5.0001,3comp
POX65,2026-02-01 00:00:51.955,1,7.0,6.986932,3.00005,3comp
POX65,2026-02-01 13:10:52.733,1,7.0,6.846625,4.00005,3comp
POX65,2026-02-10 05:06:00.001,1,7.0,5.555679,207.00356666666667,3comp
POX65,2026-02-26 16:55:23.774,1,10.0,5.603212,,3comp
POX65,2026-02-26 19:55:23.954,1,10.0,5.819005,,3comp
POX65,2026-03-02 18:33:29.510,1,10.0,5.944207,,3comp
POX65,2026-03-07 19:29:02.901,1,10.0,3.867569,,3comp
POX65,2026-03-07 19:41:02.910,1,10.0,3.765358,,3comp
POX65,2026-03-09 15:34:05.497,1,10.0,5.500959,,3comp
POX65,2026-03-11 09:07:07.911,1,10.0,3.327536,,3comp
POX65,2026-03-13 08:48:10.793,1,10.0,6.869713,,3comp
POX65,2026-03-13 09:35:10.842,1,10.0,7.403743,,3comp
POX65,2026-03-13 15:19:11.189,1,10.0,8.295508,,3comp
POX65,2026-03-13 15:29:11.199,1,10.0,8.237125,,3comp
POX65,2026-03-13 16:34:11.261,1,10.0,7.163884,,3comp
POX65,2026-03-16 12:09:15.450,1,10.0,3.355806,,3comp
POX65,2026-03-22 11:27:00.279,1,7.0,6.731131,7.000116666666667,3comp
POX65,2026-03-22 12:37:00.352,1,7.0,6.98882,1.0000166666666666,3comp
POX65,2026-03-22 16:09:55.936,1,7.0,6.90074,15.00025,3comp
POX65,2026-03-23 16:46:31.561,1,7.0,6.4708,6.0001,3comp
POX65,2026-03-23 17:11:31.586,1,7.0,6.190909,27.00045,3comp
POX65,2026-03-28 01:44:38.007,1,7.0,6.470878,33.00055,3comp
POX65,2026-03-29 01:40:39.422,1,7.0,6.397182,11.000183333333332,3comp
POX65,2026-03-30 03:10:40.874,1,7.0,6.991056,13.0002,3comp
POX65,2026-04-04 11:11:48.661,1,7.0,0.0,,3comp
POX65,2026-04-04 11:38:48.690,1,7.0,0.0,,3comp
POX65,2026-04-04 15:20:48.914,1,7.0,0.0,,3comp
POX65,2026-04-04 15:34:48.928,1,7.0,0.0,,3comp
POX65,2026-04-04 18:43:49.099,1,7.0,0.0,,3comp
POX65,2026-04-08 16:16:54.950,1,7.0,0.0,,3comp
POX65,2026-04-08 17:22:55.014,1,7.0,0.0,,3comp
POX65,2026-04-09 20:24:56.715,1,7.0,6.889534,2.000033333333333,3comp
POX65,2026-04-10 20:18:58.184,1,7.0,6.874838,3.00005,3comp
POX65,2026-04-11 08:18:58.894,1,7.0,6.950387,3.00005,3comp
POX65,2026-04-11 22:34:59.743,1,7.0,6.678416,4.000066666666666,3comp
POX65,2026-04-11 23:15:59.785,1,7.0,6.65735,5.0001,3comp
POX65,2026-04-12 02:41:00.000,1,7.0,6.756895,6.000116666666667,3comp
POX65,2026-04-12 09:30:14.406,1,12.0,7.160637,0.0,3comp
POX65,2026-04-12 09:51:14.428,1,12.0,7.282386,0.0,3comp
POX65,2026-04-12 11:05:14.505,1,12.0,6.518003,,3comp
POX65,2026-04-13 13:14:16.155,1,8.0,6.440812,0.0,3comp
POX65,2026-04-13 14:28:33.859,1,8.0,7.137065,0.0,3comp
POX65,2026-04-13 18:43:41.310,1,8.0,7.03509,13.454933333333335,3comp
POX65,2026-04-13 20:52:41.320,1,7.0,5.86918,199.00349999999997,3comp
POX65,2026-04-14 11:24:42.225,1,7.0,6.751975,2.000033333333333,3comp
POX65,2026-04-14 11:36:42.238,1,7.0,6.966951,3.00005,3comp
POX65,2026-04-14 14:07:42.391,1,7.0,6.024483,23.0004,3comp
POX65,2026-04-15 14:53:43.936,1,6.5,6.260616,14.000216666666667,3comp
POX65,2026-05-07 17:04:17.491,1,7.0,6.907725,19.000333333333334,3comp
POX65,2026-05-07 17:22:17.510,1,7.0,6.960071,1.0000166666666666,3comp
POX65,2026-05-10 18:24:22.504,1,7.0,6.993701,5.000083333333333,3comp
POX65,2026-05-13 15:46:26.861,1,12.0,7.623727,0.0,3comp
POX65,2026-05-14 15:37:28.378,1,8.0,7.222831,0.0,3comp
POX66,2026-02-01 00:00:10.801,1,7.0,6.599242,250.00733333333335,3comp
POX66,2026-02-05 17:40:24.505,1,7.0,5.86383,330.0118333333333,3comp
POX66,2026-02-08 12:42:32.348,1,7.0,6.97508,6.000216666666666,3comp
POX66,2026-02-09 02:28:33.994,1,7.0,6.867451,83.00276666666667,3comp
POX66,2026-02-17 13:44:59.169,1,7.0,5.054157,320.01034999999996,3comp
POX66,2026-02-25 17:29:23.448,1,7.0,6.538505,307.01075000000003,3comp
POX66,2026-02-25 19:39:23.724,1,7.0,6.470798,177.00615000000002,3comp
POX66,2026-02-26 09:31:25.487,1,7.0,6.691043,5.000183333333334,3comp
POX66,2026-03-10 11:17:35.481,1,7.0,6.925942,13.00045,3comp
POX66,2026-03-13 17:30:45.147,1,14.0,11.40255,0.0,3comp
POX66,2026-03-13 17:55:45.200,1,14.0,10.06669,0.0,3comp
POX66,2026-03-13 18:19:45.250,1,14.0,9.134502,0.0,3comp
POX66,2026-03-13 18:30:45.273,1,14.0,9.068294,0.0,3comp
POX66,2026-03-13 19:00:45.335,1,14.0,8.761677,0.0,3comp
POX66,2026-03-13 19:52:45.444,1,14.0,9.213014,0.0,3comp
POX66,2026-03-13 20:12:45.486,1,14.0,9.6678,0.0,3comp
POX66,2026-03-13 20:26:45.515,1,14.0,9.286964,,3comp
POX66,2026-03-20 15:56:34.326,1,7.0,4.281037,,3comp
POX66,2026-03-22 18:13:40.676,1,7.0,4.98137,,3comp
POX66,2026-04-11 12:15:31.453,1,7.0,6.576385,50.00176666666667,3comp
POX66,2026-04-11 12:31:31.488,1,7.0,6.662619,34.00118333333333,3comp
POX66,2026-04-13 07:32:37.037,1,7.0,5.639132,,3comp
POX66,2026-04-15 11:22:43.777,1,7.0,5.607298,,3comp
POX66,2026-04-20 14:44:59.686,1,6.5,4.725353,226.00826666666666,3comp
POX66,2026-04-28 08:33:23.969,1,6.5,0.0,78.00273333333332,3comp
POX66,2026-04-28 08:39:23.981,1,6.5,0.0,72.00253333333333,3comp
POX66,2026-04-28 08:59:24.023,1,6.5,0.0,52.00183333333334,3comp
POX66,2026-04-28 09:19:24.066,1,6.5,0.0,32.00111666666667,3comp
POX66,2026-04-28 09:39:24.108,1,6.5,0.0,12.000416666666666,3comp
POX66,2026-04-28 09:58:24.148,1,6.5,6.073823,6.000216666666666,3comp
POX66,2026-05-07 09:44:52.246,1,6.5,5.207623,98.00368333333333,3comp
POX66,2026-05-07 18:00:53.359,1,6.5,5.333556,109.00406666666666,3comp
POX66,2026-05-08 09:39:55.455,1,6.5,5.900503,51.001933333333334,3comp
POX66,2026-05-08 15:27:04.486,1,6.5,5.285446,277.01025000000004,3comp
POX66,2026-05-08 15:48:04.533,1,6.5,5.455317,256.00946666666664,3comp
POX66,2026-05-08 15:53:04.544,1,6.5,5.522098,251.00928333333334,3comp
POX66,2026-05-24 11:13:55.095,1,7.0,5.931612,0.0,3comp
POX66,2026-05-24 11:23:55.117,1,7.0,5.794279,0.0,3comp
POX66,2026-05-24 11:30:55.133,1,7.0,5.736073,,3comp
POX67,2026-02-04 17:49:32.753,1,7.0,6.854726,6.000183333333334,3comp
POX67,2026-02-06 10:09:37.259,1,7.0,6.788845,6.000183333333334,3comp
POX67,2026-02-19 07:40:12.003,1,7.0,6.938374,2.0000666666666667,3comp
POX67,2026-02-19 09:35:12.226,1,7.0,6.529113,21.000666666666667,3comp
POX67,2026-02-19 12:51:12.603,1,7.0,6.853683,3.0001,3comp
POX67,2026-02-19 17:46:13.176,1,7.0,6.743773,23.000733333333336,3comp
POX67,2026-02-19 19:01:13.321,1,7.0,6.804108,124.00398333333332,3comp
POX67,2026-02-20 07:01:14.707,1,7.0,6.448842,,3comp
POX67,2026-02-20 13:06:15.404,1,7.0,6.805091,107.00318333333333,3comp
POX67,2026-02-20 14:11:15.521,1,7.0,6.651749,42.00123333333333,3comp
POX67,2026-02-20 14:42:15.576,1,7.0,6.916049,11.000316666666667,3comp
POX67,2026-02-20 17:42:15.890,1,7.0,6.344982,260.0073,3comp
POX67,2026-02-20 23:07:16.443,1,7.0,6.612379,,3comp
POX67,2026-02-20 23:27:16.479,1,7.0,6.460293,,3comp
POX67,2026-02-21 00:17:16.573,1,7.0,6.8769,,3comp
POX67,2026-02-21 02:22:16.812,1,7.0,6.468683,,3comp
POX67,2026-02-21 04:02:17.007,1,7.0,6.430795,,3comp
POX67,2026-02-21 19:28:18.758,1,7.0,6.93959,240.00713333333334,3comp
POX67,2026-02-21 19:43:18.784,1,7.0,6.899552,225.0067,3comp
POX67,2026-02-21 20:03:18.819,1,7.0,6.735066,205.00611666666666,3comp
POX67,2026-02-21 21:18:18.950,1,7.0,6.763006,130.00393333333332,3comp
POX67,2026-02-22 03:58:19.691,1,7.0,6.86888,,3comp
POX67,2026-02-22 08:03:20.166,1,7.0,6.464958,173.0056,3comp
POX67,2026-02-22 09:23:20.322,1,7.0,6.516462,93.003,3comp
POX67,2026-02-22 10:33:20.458,1,7.0,6.54235,23.000733333333336,3comp
POX67,2026-02-22 18:23:21.334,1,7.0,6.728456,114.00343333333333,3comp
POX67,2026-02-22 19:28:21.451,1,7.0,6.518044,49.00148333333333,3comp
POX67,2026-02-22 20:08:21.523,1,7.0,6.705306,9.000283333333334,3comp
POX67,2026-02-23 00:34:22.024,1,7.0,6.637889,132.00423333333333,3comp
POX67,2026-02-23 04:04:22.430,1,7.0,6.884354,336.01071666666667,3comp
POX67,2026-02-23 05:29:22.595,1,7.0,6.781254,251.00796666666665,3comp
POX67,2026-02-23 09:34:23.062,1,7.0,6.862087,6.000183333333334,3comp
POX67,2026-02-23 19:34:24.153,1,7.0,6.971116,1.0000166666666666,3comp
POX67,2026-02-23 19:49:24.180,1,7.0,6.899095,9.000266666666667,3comp
POX67,2026-02-24 09:15:25.717,1,7.0,6.829821,8.000266666666667,3comp
POX67,2026-03-02 09:15:42.252,1,7.0,6.752388,77.00246666666666,3comp
POX67,2026-03-02 09:35:42.291,1,7.0,6.186861,57.00181666666666,3comp
POX67,2026-03-02 09:45:42.310,1,7.0,6.541824,47.0015,3comp
POX67,2026-03-02 09:55:42.329,1,7.0,6.553222,37.00118333333333,3comp
POX67,2026-03-03 07:15:44.758,1,7.0,6.867096,29.000933333333332,3comp
POX67,2026-03-03 07:31:44.789,1,7.0,6.802203,13.000416666666666,3comp
POX67,2026-03-03 15:26:45.691,1,7.0,6.625176,270.0084333333333,3comp
POX67,2026-03-03 19:21:46.131,1,7.0,6.843772,35.001099999999994,3comp
POX67,2026-03-03 22:21:46.473,1,7.0,6.976272,8.00025,3comp
POX67,2026-03-04 02:46:46.994,1,7.0,6.569719,,3comp
POX67,2026-03-04 03:36:47.093,1,7.0,6.449582,,3comp
POX67,2026-03-04 04:36:47.211,1,7.0,6.697325,,3comp
POX67,2026-03-04 04:56:47.251,1,7.0,6.756545,,3comp
POX67,2026-03-04 05:51:47.360,1,7.0,6.50937,,3comp
POX67,2026-03-04 06:06:47.389,1,7.0,6.522622,,3comp
POX67,2026-03-04 23:42:49.384,1,7.0,6.794027,15.000483333333333,3comp
POX67,2026-03-05 01:37:49.609,1,7.0,6.524569,,3comp
POX67,2026-03-05 01:57:49.648,1,7.0,6.66042,,3comp
POX67,2026-03-05 02:47:49.747,1,7.0,6.689735,,3comp
POX67,2026-03-05 13:17:50.975,1,7.0,6.300153,,3comp
POX67,2026-03-05 16:47:51.347,1,7.0,6.052245,,3comp
POX67,2026-03-05 17:03:51.374,1,7.0,6.089379,,3comp
POX67,2026-03-06 05:03:52.714,1,7.0,6.469378,,3comp
POX67,2026-03-06 05:28:52.763,1,7.0,6.514184,,3comp
POX67,2026-03-06 10:08:53.305,1,7.0,6.666639,267.0083,3comp
POX67,2026-03-06 11:33:53.467,1,7.0,6.894932,182.0056,3comp
POX67,2026-03-06 12:28:53.570,1,7.0,6.560907,127.00388333333333,3comp
POX67,2026-03-06 18:43:54.225,1,7.0,6.018319,,3comp
POX67,2026-03-06 19:43:54.325,1,7.0,6.595006,,3comp
POX67,2026-03-06 19:53:54.342,1,7.0,6.651582,,3comp
POX67,2026-03-06 20:08:54.368,1,7.0,6.620967,,3comp
POX67,2026-03-06 20:28:54.402,1,7.0,6.607908,345.01056666666665,3comp
POX67,2026-03-06 20:58:54.455,1,7.0,6.43337,315.0096833333333,3comp
POX67,2026-03-06 23:59:54.784,1,7.0,6.430122,134.0042,3comp
POX67,2026-03-07 08:14:55.730,1,7.0,6.458744,135.00428333333332,3comp
POX67,2026-03-07 12:09:56.179,1,7.0,6.545939,335.01036666666664,3comp
POX67,2026-03-07 12:39:56.236,1,7.0,6.679713,305.00941666666665,3comp
POX67,2026-03-07 13:34:56.341,1,7.0,6.455229,250.00766666666667,3comp
POX67,2026-03-07 13:44:56.360,1,7.0,6.873062,240.00735,3comp
POX67,2026-03-07 14:09:56.407,1,7.0,6.52051,215.00656666666666,3comp
POX67,2026-03-07 14:34:56.453,1,7.0,6.689753,190.0058,3comp
POX67,2026-03-07 16:14:56.637,1,7.0,6.417778,90.00273333333332,3comp
POX67,2026-03-08 04:30:58.011,1,7.0,6.841151,64.00205,3comp
POX67,2026-03-08 04:50:58.049,1,7.0,6.770591,44.001416666666664,3comp
POX67,2026-03-08 05:20:58.107,1,7.0,6.898273,14.00045,3comp
POX67,2026-03-08 08:35:58.485,1,7.0,6.920094,,3comp
POX67,2026-03-08 12:20:58.918,1,7.0,5.910925,144.00453333333334,3comp
POX67,2026-03-08 13:25:59.041,1,7.0,6.7142,79.00248333333334,3comp
POX67,2026-03-08 17:45:59.516,1,7.0,6.12593,62.00185,3comp
POX67,2026-03-08 18:10:59.561,1,7.0,6.076287,37.001099999999994,3comp
POX67,2026-03-08 18:35:59.606,1,7.0,6.524161,12.00035,3comp
POX67,2026-03-08 20:05:59.768,1,7.0,6.621035,9.000266666666667,3comp
POX67,2026-03-09 09:37:01.264,1,7.0,6.832091,56.00171666666667,3comp
POX67,2026-03-09 09:52:01.291,1,7.0,6.792461,41.001266666666666,3comp
POX67,2026-03-09 10:22:01.347,1,7.0,6.937549,11.000333333333334,3comp
POX67,2026-03-09 18:22:02.227,1,7.0,6.92693,5.0001500000000005,3comp
POX67,2026-03-09 19:42:02.372,1,7.0,6.678376,25.000766666666667,3comp
POX67,2026-03-10 10:37:04.071,1,7.0,6.98235,1.0000333333333333,3comp
POX67,2026-03-10 12:38:04.301,1,7.0,5.012702,16.00048333333333,3comp
POX67,2026-03-11 10:52:06.747,1,7.0,6.675629,5.000166666666667,3comp
POX67,2026-03-11 23:04:08.104,1,7.0,6.994498,0.0,3comp
POX67,2026-03-12 16:36:10.136,1,14.0,10.92624,0.0,3comp
POX67,2026-03-12 17:46:10.263,1,14.0,9.687002,0.0,3comp
POX67,2026-03-12 18:20:10.325,1,14.0,10.34733,,3comp
POX67,2026-03-24 15:48:15.283,1,7.0,6.410334,,3comp
POX67,2026-04-16 06:06:16.321,1,6.5,6.490429,2.0000666666666667,3comp
POX67,2026-04-19 16:32:25.988,1,6.5,0.0,227.0074,3comp
POX67,2026-04-19 16:39:26.002,1,6.5,0.0,220.00716666666668,3comp
POX67,2026-04-19 21:03:26.518,1,6.5,6.485023,2.0000666666666667,3comp
POX67,2026-04-28 10:06:50.794,1,6.5,4.037163,10.000316666666667,3comp
POX10,2026-02-18 14:22:38.915,1,5.5,5.440917,6.000133333333333,4comp
POX10,2026-02-21 15:19:45.147,1,5.5,5.469068,3.0000666666666667,4comp
POX10,2026-03-06 12:10:11.621,1,12.5,7.887208,171.00331666666668,4comp
POX10,2026-03-06 12:54:11.679,1,12.5,7.887208,127.00234999999999,4comp
POX10,2026-03-06 15:27:11.847,1,12.5,7.887208,181.0027,4comp
POX10,2026-03-11 07:22:19.877,1,12.5,7.887208,0.0,4comp
POX10,2026-03-11 07:52:19.923,1,12.5,7.887208,0.0,4comp
POX10,2026-03-11 08:16:19.960,1,12.5,7.887208,0.0,4comp
POX10,2026-03-12 06:50:22.018,1,12.5,7.887208,0.0,4comp
POX10,2026-03-12 07:10:22.050,1,12.5,7.887208,0.0,4comp
POX10,2026-03-12 11:06:22.426,1,12.5,7.887208,0.0,4comp
POX10,2026-03-13 07:43:24.073,1,12.5,6.309766,0.0,4comp
POX10,2026-03-13 09:59:24.280,1,12.5,6.309766,38.000949999999996,4comp
POX10,2026-03-13 11:27:24.410,1,12.5,6.309766,249.00475,4comp
POX10,2026-03-16 06:31:29.719,1,12.5,6.309766,0.0,4comp
POX10,2026-03-16 07:14:29.785,1,12.5,6.309766,0.0,4comp
POX10,2026-03-16 07:44:29.831,1,12.5,6.309766,0.0,4comp
POX10,2026-03-16 08:14:29.877,1,12.5,6.309766,0.0,4comp
POX10,2026-03-19 21:33:37.521,1,5.5,5.293562,2.00005,4comp
POX10,2026-03-21 00:15:39.978,1,5.5,5.339575,9.00025,4comp
POX10,2026-03-21 04:45:23.440,1,5.5,5.038298,263.00686666666667,4comp
POX10,2026-03-21 22:40:25.126,1,5.5,4.983551,279.00741666666664,4comp
POX10,2026-03-22 07:37:25.985,1,5.5,5.244791,45.00123333333333,4comp
POX10,2026-03-25 23:25:34.385,1,5.5,5.415682,9.00025,4comp
POX10,2026-03-26 15:43:35.959,1,5.5,5.34679,37.00096666666666,4comp
POX10,2026-03-27 22:03:38.714,1,5.0,4.907155,3.0000833333333334,4comp
POX10,2026-03-29 08:25:41.788,1,5.5,4.867284,8.000216666666667,4comp
POX10,2026-03-29 10:09:41.948,1,5.5,5.205854,19.00048333333333,4comp
POX10,2026-03-31 10:35:46.197,1,5.5,5.332031,5.000133333333333,4comp
POX10,2026-03-31 15:18:46.578,1,5.5,5.46544,2.000033333333333,4comp
POX10,2026-04-01 07:15:47.919,1,5.5,5.470087,9.000233333333334,4comp
POX10,2026-04-01 21:49:49.123,1,5.5,5.355258,5.000116666666667,4comp
POX10,2026-04-01 23:46:49.299,1,5.5,5.302506,67.0017,4comp
POX10,2026-04-03 09:43:52.151,1,5.5,5.184978,,4comp
POX10,2026-04-04 14:48:54.785,1,5.5,4.594194,13.00025,4comp
POX10,2026-04-09 09:31:04.527,1,5.5,5.145477,22.000600000000002,4comp
POX10,2026-04-09 10:13:04.595,1,5.5,5.4245,113.00298333333333,4comp
POX10,2026-04-10 06:07:06.523,1,5.5,5.219775,78.00215,4comp
POX10,2026-04-16 13:39:33.057,1,5.5,5.411067,7.000166666666667,4comp
POX10,2026-04-16 23:57:33.954,1,5.5,4.863773,8.0002,4comp
POX10,2026-04-17 00:57:34.042,1,5.5,5.407467,50.00123333333333,4comp
POX10,2026-04-18 04:05:36.596,1,5.5,5.38697,91.00234999999999,4comp
POX10,2026-04-18 06:51:36.851,1,5.5,5.200284,10.000266666666667,4comp
POX10,2026-04-18 07:41:36.928,1,5.5,5.227228,94.00241666666668,4comp
POX10,2026-04-18 07:51:36.943,1,5.5,5.030292,84.00216666666667,4comp
POX10,2026-04-18 08:01:36.959,1,5.5,4.849934,74.00189999999999,4comp
POX10,2026-04-18 08:15:36.980,1,5.5,4.776305,60.001549999999995,4comp
POX10,2026-04-18 08:34:37.010,1,5.5,5.025267,41.00105,4comp
POX10,2026-04-18 08:44:37.025,1,5.5,4.877958,31.0008,4comp
POX10,2026-04-18 08:54:37.041,1,5.5,5.076731,21.000533333333333,4comp
POX10,2026-04-18 09:04:37.056,1,5.5,5.082407,11.000283333333334,4comp
POX10,2026-04-18 09:14:37.072,1,5.5,5.282173,1.0000166666666666,4comp
POX10,2026-04-18 12:04:37.340,1,5.5,5.364233,3.0000833333333334,4comp
POX10,2026-04-18 12:14:37.356,1,5.5,5.423185,7.000183333333334,4comp
POX10,2026-04-19 11:32:39.663,1,5.5,5.35205,2.00005,4comp
POX10,2026-04-19 11:42:39.680,1,5.5,5.409297,52.001416666666664,4comp
POX10,2026-04-19 11:52:39.696,1,5.5,5.419703,42.00115,4comp
POX10,2026-04-19 12:02:39.713,1,5.5,5.226669,32.00086666666667,4comp
POX10,2026-04-19 12:12:39.729,1,5.5,5.203629,22.000600000000002,4comp
POX10,2026-04-19 12:22:39.746,1,5.5,5.134951,12.000316666666667,4comp
POX10,2026-04-19 12:32:39.762,1,5.5,5.243554,2.00005,4comp
POX10,2026-04-19 13:02:39.811,1,5.5,5.479119,13.00035,4comp
POX10,2026-04-19 13:12:39.827,1,5.5,5.146097,3.0000833333333334,4comp
POX10,2026-04-19 13:32:39.859,1,5.5,5.389807,7.000183333333334,4comp
POX10,2026-04-19 13:42:39.875,1,5.5,5.396291,50.00131666666667,4comp
POX10,2026-04-19 13:52:39.891,1,5.5,5.339106,40.00105,4comp
POX10,2026-04-19 14:02:39.907,1,5.5,5.135497,30.000783333333334,4comp
POX10,2026-04-19 14:12:39.922,1,5.5,5.325035,20.000533333333333,4comp
POX10,2026-04-19 14:22:39.938,1,5.5,5.289471,10.000266666666667,4comp
POX10,2026-04-19 15:12:40.017,1,5.5,5.369176,50.0013,4comp
POX10,2026-04-19 15:22:40.033,1,5.5,4.816061,40.00103333333333,4comp
POX10,2026-04-19 15:32:40.048,1,5.5,4.769624,30.000783333333334,4comp
POX10,2026-04-19 15:42:40.064,1,5.5,4.800416,20.000516666666666,4comp
POX10,2026-04-19 15:52:40.080,1,5.5,5.242857,10.00025,4comp
POX10,2026-04-19 16:12:40.111,1,5.5,5.238843,3.0000833333333334,4comp
POX10,2026-04-19 16:22:40.127,1,5.5,5.440324,1.0000166666666666,4comp
POX10,2026-04-19 19:40:40.438,1,5.5,5.486723,13.000333333333334,4comp
POX10,2026-04-19 19:50:40.454,1,5.5,5.297697,3.0000666666666667,4comp
POX10,2026-04-20 02:00:41.064,1,5.5,5.152631,14.000383333333334,4comp
POX10,2026-04-20 02:10:41.081,1,5.5,5.253999,4.0001,4comp
POX10,2026-04-20 04:17:41.293,1,5.5,5.345046,61.0017,4comp
POX10,2026-04-20 04:27:41.309,1,5.5,5.281471,51.00143333333333,4comp
POX10,2026-04-20 04:37:41.326,1,5.5,5.301895,41.00115,4comp
POX10,2026-04-20 04:47:41.343,1,5.5,5.315745,31.000866666666663,4comp
POX10,2026-04-20 04:57:41.359,1,5.5,5.352845,21.000600000000002,4comp
POX10,2026-04-20 05:07:41.376,1,5.5,5.000261,11.000316666666667,4comp
POX10,2026-04-20 05:17:41.393,1,5.5,5.426318,1.0000333333333333,4comp
POX10,2026-04-20 05:47:41.443,1,5.5,5.383272,24.000666666666667,4comp
POX10,2026-04-20 05:57:41.460,1,5.5,5.305079,14.000383333333334,4comp
POX10,2026-04-20 06:07:41.477,1,5.5,5.334945,4.0001,4comp
POX10,2026-04-20 06:17:41.493,1,5.5,5.40892,2.0000666666666667,4comp
POX10,2026-04-20 06:27:41.510,1,5.5,5.336331,3.0000833333333334,4comp
POX10,2026-04-20 08:00:41.665,1,5.5,5.477947,1.0000166666666666,4comp
POX10,2026-04-20 08:10:41.682,1,5.5,5.339153,4.0001,4comp
POX10,2026-04-20 08:30:41.715,1,5.5,5.294567,94.00261666666667,4comp
POX10,2026-04-20 08:40:41.732,1,5.5,5.322392,84.00233333333334,4comp
POX10,2026-04-20 08:50:41.748,1,5.5,5.13917,74.00206666666666,4comp
POX10,2026-04-20 09:00:41.765,1,5.5,5.100241,64.00178333333334,4comp
POX10,2026-04-20 09:10:41.782,1,5.5,5.118388,54.0015,4comp
POX10,2026-04-20 09:20:41.799,1,5.5,5.194723,44.001216666666664,4comp
POX10,2026-04-20 09:30:41.815,1,5.5,5.066803,34.00095,4comp
POX10,2026-04-20 09:40:41.832,1,5.5,5.111408,24.000666666666667,4comp
POX10,2026-04-20 09:50:41.849,1,5.5,4.904307,14.000383333333334,4comp
POX10,2026-04-20 10:00:41.865,1,5.5,5.188077,4.000116666666667,4comp
POX10,2026-04-20 10:10:41.882,1,5.5,5.188428,16.000433333333334,4comp
POX10,2026-04-20 10:20:41.898,1,5.5,5.278271,6.000166666666667,4comp
POX10,2026-04-20 12:50:42.143,1,5.5,4.859779,45.00118333333333,4comp
POX10,2026-04-20 13:00:42.159,1,5.5,5.322017,35.00091666666666,4comp
POX10,2026-04-20 13:10:42.175,1,5.5,4.952647,25.00065,4comp
POX10,2026-04-20 13:20:42.190,1,5.5,4.873419,15.0004,4comp
POX10,2026-04-20 13:30:42.206,1,5.5,5.048981,5.000133333333333,4comp
POX10,2026-04-20 13:50:42.238,1,5.5,5.329587,39.001,4comp
POX10,2026-04-20 14:00:42.253,1,5.5,5.052086,29.00075,4comp
POX10,2026-04-20 14:10:42.269,1,5.5,4.910012,19.00048333333333,4comp
POX10,2026-04-20 14:20:42.284,1,5.5,4.775309,9.000233333333334,4comp
POX10,2026-04-20 14:30:42.300,1,5.5,4.784005,34.00086666666667,4comp
POX10,2026-04-20 14:40:42.315,1,5.5,4.896946,24.000616666666666,4comp
POX10,2026-04-20 14:50:42.331,1,5.5,5.102234,14.00035,4comp
POX10,2026-04-20 15:00:42.346,1,5.5,5.257749,4.0001,4comp
POX10,2026-04-20 21:03:42.899,1,5.5,5.430344,20.000533333333333,4comp
POX10,2026-04-20 21:13:42.915,1,5.5,5.243246,10.000266666666667,4comp
POX10,2026-04-20 21:40:42.959,1,5.5,5.40478,55.00148333333333,4comp
POX10,2026-04-20 21:50:42.975,1,5.5,5.222634,45.001216666666664,4comp
POX10,2026-04-20 22:00:42.991,1,5.5,5.140626,35.000949999999996,4comp
POX10,2026-04-20 22:10:43.007,1,5.5,5.207957,25.00068333333333,4comp
POX10,2026-04-20 22:20:43.023,1,5.5,5.288636,15.000416666666666,4comp
POX10,2026-04-20 22:30:43.039,1,5.5,5.320815,5.0001500000000005,4comp
POX10,2026-04-20 23:37:43.149,1,5.5,5.387539,14.000383333333334,4comp
POX10,2026-04-20 23:47:43.166,1,5.5,5.319952,4.0001,4comp
POX10,2026-04-21 00:06:43.197,1,5.5,5.323054,307.0084666666667,4comp
POX10,2026-04-21 00:16:43.213,1,5.5,5.305579,297.0082,4comp
POX10,2026-04-21 00:26:43.230,1,5.5,5.223246,287.00791666666663,4comp
POX10,2026-04-21 00:38:43.249,1,5.5,5.095642,275.00759999999997,4comp
POX10,2026-04-21 00:45:43.261,1,5.5,5.006848,268.0074,4comp
POX10,2026-04-21 00:55:43.277,1,5.5,4.964752,258.00713333333334,4comp
POX10,2026-04-21 01:05:43.294,1,5.5,4.92658,248.00685000000001,4comp
POX10,2026-04-21 01:15:43.310,1,5.5,5.069824,238.00658333333334,4comp
POX10,2026-04-21 01:25:43.327,1,5.5,4.970485,228.0063,4comp
POX10,2026-04-21 01:43:43.357,1,5.5,4.773447,210.0058,4comp
POX10,2026-04-21 01:50:43.368,1,5.5,4.80638,203.00561666666667,4comp
POX10,2026-04-21 02:01:43.387,1,5.5,4.681344,192.00529999999998,4comp
POX10,2026-04-21 02:17:43.413,1,5.5,4.604202,176.00486666666666,4comp
POX10,2026-04-21 02:33:43.440,1,5.5,4.636606,160.00441666666666,4comp
POX10,2026-04-21 02:40:43.451,1,5.5,4.610163,153.00423333333336,4comp
POX10,2026-04-21 02:51:43.470,1,5.5,4.862556,142.00391666666667,4comp
POX10,2026-04-21 04:21:43.619,1,5.5,4.258401,52.00143333333333,4comp
POX10,2026-04-21 04:32:43.637,1,5.5,4.358027,41.001133333333335,4comp
POX10,2026-04-21 06:39:43.846,1,5.5,5.313925,77.00211666666668,4comp
POX10,2026-04-21 06:45:43.856,1,5.5,5.145228,71.00195000000001,4comp
POX10,2026-04-21 06:58:43.877,1,5.5,4.638871,58.0016,4comp
POX10,2026-04-21 07:07:43.892,1,5.5,4.640055,49.00135,4comp
POX10,2026-04-21 07:17:43.909,1,5.5,4.883178,39.00106666666667,4comp
POX10,2026-04-21 07:27:43.925,1,5.5,4.869679,29.0008,4comp
POX10,2026-04-21 07:36:43.940,1,5.5,4.500762,20.000549999999997,4comp
POX10,2026-04-21 07:46:43.957,1,5.5,4.546812,10.000266666666667,4comp
POX10,2026-04-21 08:07:43.991,1,5.5,5.172823,9.00025,4comp
POX10,2026-04-26 06:10:55.074,1,5.5,5.351283,24.000666666666667,4comp
POX10,2026-04-26 23:51:56.841,1,5.5,5.429506,1.0000333333333333,4comp
POX10,2026-04-27 07:36:57.619,1,5.5,5.245315,25.00068333333333,4comp
POX10,2026-04-29 21:24:03.590,1,5.5,5.447515,6.000166666666667,4comp
POX10,2026-04-29 23:59:03.845,1,5.5,5.480496,11.000300000000001,4comp
POX10,2026-04-30 01:34:03.999,1,5.5,5.41529,18.00048333333333,4comp
POX10,2026-04-30 04:44:04.307,1,5.5,5.245171,17.00045,4comp
POX10,2026-04-30 08:29:04.672,1,5.5,5.381597,21.000566666666668,4comp
POX10,2026-04-30 10:39:04.883,1,5.5,5.485506,10.000266666666667,4comp
POX10,2026-04-30 16:25:05.426,1,5.5,5.106697,36.000933333333336,4comp
POX10,2026-04-30 21:30:05.902,1,5.5,5.397095,120.00318333333333,4comp
POX10,2026-05-01 08:15:06.958,1,5.5,5.433058,34.00095,4comp
POX10,2026-05-02 08:41:09.327,1,5.5,5.353909,102.00283333333333,4comp
POX10,2026-05-04 06:28:13.698,1,5.5,5.332646,25.00068333333333,4comp
POX10,2026-05-07 15:46:21.395,1,5.5,5.385677,14.000383333333334,4comp
POX10,2026-05-07 20:56:21.888,1,5.5,5.401772,42.00111666666667,4comp
POX10,2026-05-08 02:22:22.423,1,5.5,5.190873,5.000133333333333,4comp
POX10,2026-05-09 08:55:25.416,1,5.5,5.430301,55.001549999999995,4comp
POX10,2026-05-09 13:19:25.861,1,5.5,5.178177,3.0001,4comp
POX10,2026-05-13 07:59:34.694,1,5.5,5.378506,21.000583333333335,4comp
POX10,2026-05-13 23:45:36.224,1,5.5,5.217783,27.00075,4comp
POX10,2026-05-14 01:15:36.374,1,5.5,5.341445,8.000233333333334,4comp
POX10,2026-05-14 14:05:37.660,1,5.5,5.442713,1.0000333333333333,4comp
POX11,2026-04-21 03:32:59.827,1,6.0,5.909678,1.0000166666666666,4comp
POX11,2026-04-21 17:34:01.401,1,6.0,5.978295,1.0000333333333333,4comp
POX11,2026-04-28 18:55:12.650,1,6.0,5.791602,1.0000333333333333,4comp
POX11,2026-05-04 11:20:28.223,1,6.0,5.75822,1.0000333333333333,4comp
POX11,2026-05-04 17:15:28.868,1,6.0,5.755222,2.0000666666666667,4comp
POX11,2026-05-08 00:19:37.899,1,6.0,5.787574,1.00005,4comp
POX11,2026-05-08 06:03:38.558,1,6.0,5.760203,3.0001,4comp
POX11,2026-05-08 10:47:39.098,1,6.0,5.956091,1.0000333333333333,4comp
POX11,2026-05-08 23:53:40.597,1,6.0,5.931056,1.0000333333333333,4comp
POX11,2026-05-10 15:24:45.048,1,6.0,5.968728,2.00005,4comp
POX11,2026-05-11 05:10:46.553,1,6.0,5.988966,1.0000333333333333,4comp
POX11,2026-05-12 05:16:49.169,1,6.0,5.987623,1.0000333333333333,4comp
POX13,2026-02-08 05:40:54.465,1,5.5,5.469558,10.000300000000001,4comp
POX13,2026-02-09 03:46:56.455,1,6.0,5.848923,8.00025,4comp
POX13,2026-02-09 08:56:57.012,1,6.0,5.8212,16.0005,4comp
POX13,2026-02-13 01:01:07.176,1,6.0,5.799429,41.001333333333335,4comp
POX13,2026-02-17 01:23:15.818,1,5.5,5.308415,8.0002,4comp
POX13,2026-02-17 05:44:16.261,1,5.5,5.385569,1.0000333333333333,4comp
POX13,2026-02-19 07:30:21.786,1,5.5,5.276533,7.000233333333333,4comp
POX13,2026-02-19 07:45:21.816,1,5.5,5.427479,6.0002,4comp
POX13,2026-02-19 19:10:23.049,1,5.5,4.912392,214.0056,4comp
POX13,2026-02-19 21:10:23.228,1,5.5,4.894737,94.00261666666667,4comp
POX13,2026-02-19 22:30:23.360,1,5.5,4.54055,14.000416666666666,4comp
POX13,2026-02-20 01:45:23.719,1,5.5,4.047699,235.00753333333333,4comp
POX13,2026-02-20 03:00:23.861,1,5.5,4.443262,160.00516666666667,4comp
POX13,2026-02-20 04:45:24.064,1,5.5,4.223996,55.001783333333336,4comp
POX13,2026-02-20 06:30:24.269,1,5.5,5.442353,27.000883333333334,4comp
POX13,2026-02-20 10:04:24.690,1,5.5,5.06707,35.001133333333335,4comp
POX13,2026-02-20 11:03:24.805,1,5.5,5.310928,68.00203333333333,4comp
POX13,2026-02-20 20:14:25.404,1,5.5,4.264069,80.00121666666668,4comp
POX13,2026-02-21 03:42:25.917,1,5.5,5.433976,2.00005,4comp
POX13,2026-02-21 06:12:26.159,1,5.5,5.411555,6.000183333333334,4comp
POX13,2026-02-22 07:52:27.985,1,5.5,5.36008,49.0013,4comp
POX13,2026-02-23 15:44:30.211,1,5.5,5.364976,2.000033333333333,4comp
POX13,2026-02-24 08:19:32.015,1,10.5,5.218588,145.00455,4comp
POX13,2026-02-24 11:30:32.365,1,10.5,4.930159,,4comp
POX13,2026-02-24 18:39:32.986,1,5.5,4.088945,108.0029,4comp
POX13,2026-02-24 19:27:33.065,1,5.5,4.292069,60.00158333333333,4comp
POX13,2026-02-25 01:17:33.628,1,5.5,5.326885,14.0004,4comp
POX13,2026-02-26 14:21:36.646,1,5.5,5.176015,39.000949999999996,4comp
POX13,2026-02-26 16:43:36.822,1,5.5,5.035133,91.00158333333334,4comp
POX13,2026-02-26 19:31:36.988,1,5.5,4.879985,0.0,4comp
POX13,2026-02-26 19:40:36.998,1,5.5,4.812996,0.0,4comp
POX13,2026-02-27 08:20:37.902,1,5.5,4.929662,72.0018,4comp
POX13,2026-02-27 10:35:38.110,1,5.5,4.9647,9.000233333333334,4comp
POX13,2026-02-27 12:06:38.245,1,5.5,4.398652,153.00385,4comp
POX13,2026-02-27 12:22:38.268,1,5.5,5.107276,137.00346666666667,4comp
POX13,2026-02-27 12:41:38.295,1,5.5,5.320294,118.00301666666665,4comp
POX13,2026-02-27 12:58:38.320,1,5.5,5.053027,101.0026,4comp
POX13,2026-02-27 13:59:38.413,1,5.5,4.552475,40.00105,4comp
POX13,2026-02-27 15:01:38.511,1,5.5,5.418469,3.0000833333333334,4comp
POX13,2026-02-27 15:21:38.543,1,5.5,5.124157,162.64174999999997,4comp
POX13,2026-02-27 16:42:16.906,1,5.5,4.113329,82.00236666666666,4comp
POX13,2026-02-27 17:23:16.980,1,5.5,4.469581,41.001133333333335,4comp
POX13,2026-02-27 17:50:17.025,1,5.5,5.209337,14.000383333333334,4comp
POX13,2026-02-28 03:39:18.047,1,5.5,4.518738,295.0083333333333,4comp
POX13,2026-02-28 11:57:18.885,1,5.5,5.457004,1.0000333333333333,4comp
POX13,2026-03-04 00:57:28.559,1,5.5,5.457249,1.0000333333333333,4comp
POX13,2026-03-05 12:34:32.679,1,5.5,4.805069,90.00273333333332,4comp
POX13,2026-03-05 20:24:33.451,1,5.5,5.072699,85.00240000000001,4comp
POX13,2026-03-06 05:24:34.480,1,5.5,4.594884,139.00463333333335,4comp
POX13,2026-03-06 11:25:35.194,1,5.5,5.08809,2.0000666666666667,4comp
POX13,2026-03-06 20:05:35.959,1,5.5,5.36935,5.000116666666667,4comp
POX15,2026-04-22 14:04:05.992,1,5.5,0.0,,4comp
POX16,2026-02-12 21:30:45.423,1,4.5,4.386368,20.000549999999997,4comp
POX16,2026-02-14 09:30:48.963,1,4.5,4.491513,5.000133333333333,4comp
POX16,2026-02-14 14:15:49.432,1,4.5,4.346121,78.00211666666668,4comp
POX16,2026-02-14 17:05:49.704,1,4.5,4.481055,32.00083333333333,4comp
POX16,2026-02-15 07:33:51.108,1,4.5,4.491349,7.000183333333334,4comp
POX16,2026-02-15 08:48:51.233,1,4.5,4.316724,21.000583333333335,4comp
POX16,2026-02-16 23:09:54.791,1,4.5,4.403793,1.0000166666666666,4comp
POX16,2026-02-19 18:28:01.326,1,4.5,4.319078,5.000133333333333,4comp
POX16,2026-02-19 23:18:01.779,1,4.5,4.267871,9.00025,4comp
POX16,2026-02-20 01:03:01.951,1,4.5,4.363347,5.000133333333333,4comp
POX16,2026-02-20 01:33:02.000,1,4.5,4.311564,5.0001500000000005,4comp
POX16,2026-02-20 11:28:02.986,1,4.5,4.432298,4.000116666666667,4comp
POX16,2026-02-20 12:08:03.051,1,4.5,4.418396,4.0001,4comp
POX16,2026-02-20 13:33:03.183,1,4.5,4.447535,2.00005,4comp
POX16,2026-02-20 15:43:03.369,1,4.5,4.348102,1.0000166666666666,4comp
POX16,2026-02-20 17:08:03.481,1,4.5,4.414761,5.0001,4comp
POX16,2026-02-20 17:43:03.525,1,4.5,4.331299,5.0001,4comp
POX16,2026-02-21 01:19:04.185,1,4.5,4.136665,11.000300000000001,4comp
POX16,2026-02-21 06:29:04.681,1,4.5,4.323774,8.000216666666667,4comp
POX16,2026-02-21 14:14:05.411,1,4.5,4.435197,4.0001,4comp
POX16,2026-02-21 19:51:05.884,1,4.5,4.118098,19.000433333333334,4comp
POX16,2026-02-22 15:38:03.503,1,4.5,4.317052,25.000583333333335,4comp
POX16,2026-02-23 06:04:04.740,1,4.5,4.243742,13.00035,4comp
POX16,2026-02-23 06:54:04.817,1,4.5,4.365205,120.00296666666667,4comp
POX16,2026-02-24 07:30:07.083,1,4.5,4.453498,7.0002,4comp
POX16,2026-02-24 08:20:07.166,1,4.5,4.373472,32.0009,4comp
POX16,2026-02-24 13:20:07.657,1,4.5,4.450383,5.000133333333333,4comp
POX16,2026-02-25 12:21:09.854,1,4.5,4.484224,1.0000166666666666,4comp
POX16,2026-02-26 08:07:11.693,1,4.5,4.276708,60.001666666666665,4comp
POX16,2026-02-27 05:37:13.567,1,4.5,4.41833,145.00373333333334,4comp
POX16,2026-03-07 01:09:43.018,1,4.5,4.128687,5.000133333333333,4comp
POX16,2026-03-07 13:14:44.174,1,4.5,4.227157,7.000183333333334,4comp
POX16,2026-03-07 14:19:44.273,1,4.5,4.299352,34.00083333333333,4comp
POX16,2026-03-25 01:05:57.609,1,4.5,4.311057,1.0000333333333333,4comp
POX16,2026-03-25 08:50:58.394,1,4.5,4.327986,81.00226666666667,4comp
POX16,2026-03-25 17:21:59.247,1,4.5,4.342705,16.00045,4comp
POX16,2026-03-25 18:46:59.389,1,4.5,4.336123,12.000333333333334,4comp
POX16,2026-03-25 19:36:59.471,1,4.5,4.264348,311.0084666666667,4comp
POX16,2026-03-26 01:07:00.010,1,4.5,4.015728,7.000183333333334,4comp
POX16,2026-03-26 03:52:00.280,1,4.5,4.229381,45.00123333333333,4comp
POX16,2026-03-26 07:32:00.644,1,4.5,4.420212,39.001083333333334,4comp
POX16,2026-03-26 10:07:00.901,1,4.5,4.127078,70.00193333333333,4comp
POX16,2026-03-26 17:04:46.471,1,4.5,4.196294,46.00116666666667,4comp
POX16,2026-03-26 18:14:46.577,1,4.5,4.401772,3.0000666666666667,4comp
POX16,2026-03-26 23:54:47.099,1,4.5,4.275567,16.000433333333334,4comp
POX16,2026-03-27 14:18:48.520,1,9.5,4.530139,0.0,4comp
POX16,2026-03-27 15:41:36.471,1,9.5,4.595412,344.00835,4comp
POX16,2026-03-28 02:01:37.416,1,4.5,4.14105,30.000816666666665,4comp
POX16,2026-03-28 03:06:37.523,1,4.5,4.289221,169.00469999999999,4comp
POX16,2026-03-28 11:41:38.382,1,4.5,4.322528,13.000366666666668,4comp
POX16,2026-03-30 22:08:43.899,1,4.5,4.4568,1.0000333333333333,4comp
POX16,2026-03-30 22:48:43.963,1,4.5,4.113258,28.000733333333336,4comp
POX16,2026-03-31 00:01:44.078,1,4.5,4.295597,3.0000666666666667,4comp
POX16,2026-03-31 09:40:44.999,1,4.5,4.144359,61.0017,4comp
POX16,2026-03-31 14:54:45.510,1,4.5,4.38902,38.00098333333334,4comp
POX16,2026-04-01 14:00:47.783,1,4.5,4.350881,338.00871666666666,4comp
POX16,2026-04-01 20:54:48.424,1,4.5,4.490683,1.0000166666666666,4comp
POX16,2026-04-01 22:50:48.610,1,4.5,4.375899,13.00035,4comp
POX16,2026-04-01 23:20:48.659,1,4.5,4.386954,41.001133333333335,4comp
POX16,2026-04-02 06:45:49.391,1,4.5,4.390368,19.000516666666666,4comp
POX16,2026-04-03 16:37:52.675,1,4.5,4.077042,7.000183333333334,4comp
POX16,2026-04-11 09:53:10.757,1,4.5,3.925152,1.0000333333333333,4comp
POX17,2026-02-07 11:03:25.801,1,12.0,6.968304,207.00565,4comp
POX17,2026-02-17 09:14:53.625,1,5.0,0.0,49.00161666666667,4comp
POX17,2026-02-17 09:31:53.659,1,5.0,0.0,32.00105,4comp
POX17,2026-02-28 11:10:25.148,1,5.0,0.0,0.0,4comp
POX17,2026-03-01 08:11:27.633,1,5.0,0.0,0.0,4comp
POX17,2026-03-09 08:11:50.411,1,5.0,0.0,0.0,4comp
POX17,2026-03-09 15:54:51.333,1,5.0,0.0,101.00330000000001,4comp
POX17,2026-03-18 08:51:16.305,1,5.0,0.0,0.0,4comp
POX17,2026-03-19 08:57:19.202,1,5.0,0.0,0.0,4comp
POX17,2026-03-19 13:18:19.725,1,5.0,0.0,,4comp
POX17,2026-03-19 13:28:19.745,1,5.0,0.0,,4comp
POX17,2026-03-19 15:20:19.970,1,5.0,0.0,,4comp
POX17,2026-03-20 08:52:22.052,1,5.0,0.0,,4comp
POX17,2026-03-21 08:28:46.840,1,5.0,0.0,,4comp
POX17,2026-03-22 08:28:49.707,1,5.0,0.0,,4comp
POX17,2026-03-23 08:26:52.539,1,5.0,0.0,,4comp
POX17,2026-03-24 08:39:55.442,1,5.0,0.0,,4comp
POX17,2026-03-25 08:46:58.318,1,5.0,0.0,,4comp
POX17,2026-03-25 22:54:00.001,1,5.0,0.0,,4comp
POX17,2026-03-26 08:21:01.139,1,5.0,0.0,,4comp
POX17,2026-03-27 08:15:03.991,1,5.0,0.0,,4comp
POX17,2026-03-28 08:40:06.906,1,5.0,0.0,,4comp
POX17,2026-03-29 08:17:09.743,1,5.0,0.0,,4comp
POX17,2026-03-30 08:32:12.573,1,5.0,0.0,,4comp
POX17,2026-03-31 08:39:15.369,1,5.0,0.0,,4comp
POX17,2026-04-01 08:18:18.167,1,5.0,0.0,,4comp
POX17,2026-04-02 03:37:20.454,1,5.0,0.0,,4comp
POX17,2026-04-02 09:31:21.164,1,5.0,0.0,,4comp
POX17,2026-04-03 08:12:23.887,1,5.0,0.0,,4comp
POX17,2026-04-04 08:44:26.800,1,5.0,0.0,,4comp
POX17,2026-04-05 09:48:29.777,1,5.0,0.0,,4comp
POX17,2026-04-06 08:41:32.454,1,5.0,0.0,,4comp
POX17,2026-04-07 09:01:35.343,1,5.0,0.0,,4comp
POX17,2026-04-08 08:41:38.136,1,5.0,0.0,,4comp
POX17,2026-04-12 19:14:32.334,1,5.0,0.0,,4comp
POX17,2026-04-13 09:07:33.997,1,5.0,0.0,,4comp
POX17,2026-04-14 09:01:36.881,1,5.0,0.0,,4comp
POX17,2026-04-14 15:43:37.685,1,5.0,0.0,,4comp
POX17,2026-04-15 12:54:40.235,1,5.0,0.0,,4comp
POX17,2026-04-16 09:02:42.664,1,5.0,0.0,,4comp
POX17,2026-04-17 08:24:45.492,1,5.0,0.0,,4comp
POX17,2026-04-17 14:24:46.218,1,5.0,0.0,,4comp
POX17,2026-04-18 09:08:48.485,1,5.0,0.0,,4comp
POX17,2026-04-19 09:20:51.414,1,5.0,0.0,,4comp
POX17,2026-04-20 09:27:54.335,1,5.0,0.0,,4comp
POX17,2026-04-20 15:39:55.082,1,5.0,0.0,,4comp
POX17,2026-04-20 15:56:55.116,1,5.0,0.0,,4comp
POX17,2026-04-20 16:20:55.165,1,5.0,0.0,,4comp
POX17,2026-04-21 09:22:57.225,1,5.0,0.0,,4comp
POX17,2026-04-22 08:51:00.065,1,5.0,0.0,,4comp
POX17,2026-04-23 09:30:03.049,1,5.0,0.0,,4comp
POX17,2026-04-24 09:50:05.997,1,5.0,0.0,,4comp
POX17,2026-04-25 09:00:08.799,1,5.0,0.0,,4comp
POX17,2026-04-26 09:05:11.715,1,5.0,0.0,,4comp
POX17,2026-04-27 11:48:14.933,1,5.0,0.0,,4comp
POX17,2026-04-28 09:57:17.615,1,5.0,0.0,,4comp
POX17,2026-04-29 13:23:20.934,1,5.0,0.0,,4comp
POX18,2026-02-13 19:13:57.976,1,5.0,3.390021,140.00465,4comp
POX18,2026-02-13 21:38:58.265,1,5.0,4.499857,12.0004,4comp
POX18,2026-02-14 00:23:58.593,1,5.0,4.902046,17.000566666666668,4comp
POX18,2026-02-16 17:18:41.639,1,5.5,5.059105,35.000816666666665,4comp
POX18,2026-02-18 13:38:46.631,1,5.5,5.295279,18.000549999999997,4comp
POX18,2026-02-18 22:46:47.606,1,5.5,5.234138,18.000600000000002,4comp
POX18,2026-02-23 09:37:00.002,1,5.5,5.160985,166.00545,4comp
POX18,2026-02-23 11:29:00.224,1,5.5,3.861546,54.00175,4comp
POX18,2026-02-23 12:09:00.302,1,5.5,5.029881,14.00045,4comp
POX18,2026-02-27 18:15:56.907,1,5.0,3.685171,77.00256666666668,4comp
POX18,2026-03-01 09:12:01.173,1,5.0,4.798541,14.000416666666666,4comp
POX18,2026-03-13 15:02:34.448,1,5.0,4.019243,0.0,4comp
POX18,2026-03-18 09:53:48.537,1,5.0,4.109601,17.0006,4comp
POX18,2026-03-19 11:01:35.714,1,5.0,4.343554,30.001066666666667,4comp
POX18,2026-03-20 08:27:38.462,1,5.0,3.827379,83.00298333333333,4comp
POX18,2026-03-24 02:41:03.878,1,5.0,4.934141,22.000783333333334,4comp
POX18,2026-03-24 05:06:04.184,1,15.0,5.259229,0.0,4comp
POX18,2026-03-24 05:51:04.280,1,15.0,5.098567,,4comp
POX18,2026-03-27 05:11:17.800,1,5.0,4.722121,55.001933333333334,4comp
POX18,2026-03-31 10:04:29.140,1,5.0,4.656975,86.00283333333333,4comp
POX18,2026-03-31 11:49:29.347,1,5.0,4.973237,8.00025,4comp
POX18,2026-04-02 16:42:35.878,1,5.0,4.208612,,4comp
POX18,2026-04-03 09:42:37.992,1,5.0,3.866365,,4comp
POX18,2026-04-03 10:07:38.044,1,5.0,3.994712,,4comp
POX18,2026-04-04 09:50:41.065,1,5.0,4.421025,33.0012,4comp
POX18,2026-04-04 10:32:41.156,1,5.0,4.248655,97.00341666666667,4comp
POX18,2026-04-04 10:42:41.178,1,5.0,4.223583,87.00305,4comp
POX18,2026-04-04 12:18:41.380,1,5.0,4.236752,258.0079,4comp
POX18,2026-04-04 12:33:41.410,1,5.0,4.321522,243.0074,4comp
POX19,2026-05-21 13:27:22.341,1,5.5,4.603752,,4comp
POX19,2026-05-21 15:54:22.551,1,5.5,0.0,,4comp
POX19,2026-05-21 16:24:22.593,1,5.5,0.0,,4comp
POX19,2026-05-22 04:30:23.651,1,5.5,0.0,,4comp
POX19,2026-05-22 12:40:24.371,1,5.5,0.0,,4comp
POX19,2026-05-22 16:25:24.696,1,5.5,0.0,,4comp
POX19,2026-05-22 17:20:24.775,1,5.5,0.0,,4comp
POX19,2026-05-22 17:50:24.818,1,5.5,0.0,,4comp
POX19,2026-05-23 06:21:25.915,1,5.5,0.0,,4comp
POX19,2026-05-23 08:09:26.073,1,5.5,0.0,,4comp
POX19,2026-05-23 18:08:26.929,1,5.5,0.0,,4comp
POX19,2026-05-24 07:27:28.099,1,5.5,0.0,,4comp
POX19,2026-05-24 19:54:29.201,1,5.5,0.0,,4comp
POX19,2026-05-24 20:40:29.269,1,5.5,0.0,,4comp
POX20,2026-02-27 19:37:11.801,1,5.5,5.010792,132.00296666666665,4comp
POX20,2026-03-06 16:37:21.264,1,5.5,5.205401,62.001200000000004,4comp
POX20,2026-03-06 16:44:21.272,1,5.5,4.995068,55.00106666666667,4comp
POX20,2026-03-06 18:07:21.368,1,5.5,5.157021,0.0,4comp
POX20,2026-03-13 09:32:48.037,1,5.5,5.332928,58.00163333333333,4comp
POX20,2026-03-13 10:02:48.088,1,5.5,5.19405,28.000783333333334,4comp
POX20,2026-03-19 06:45:12.731,1,15.5,8.273407,0.0,4comp
POX20,2026-03-19 07:05:12.766,1,15.5,8.170705,304.0088666666667,4comp
POX20,2026-03-19 09:07:12.979,1,15.5,7.212336,182.00531666666666,4comp
POX20,2026-03-27 06:42:06.594,1,5.5,4.985532,264.00761666666665,4comp
POX20,2026-04-07 11:32:32.562,1,5.5,3.871382,99.00278333333334,4comp
POX20,2026-04-07 13:31:32.762,1,15.5,4.117016,,4comp
POX20,2026-04-11 10:05:41.598,1,5.5,4.292587,158.00416666666666,4comp
POX20,2026-04-11 11:43:41.750,1,5.5,4.547274,60.00163333333333,4comp
POX20,2026-04-11 12:59:41.875,1,5.5,4.179002,,4comp
POX20,2026-04-28 15:30:05.279,1,5.5,5.292512,21.0005,4comp
POX20,2026-05-03 11:21:16.753,1,5.5,5.052273,113.00286666666666,4comp
POX20,2026-05-09 04:26:29.470,1,5.5,4.592944,,4comp
POX20,2026-05-09 14:14:30.510,1,5.5,4.323507,,4comp
POX20,2026-05-09 16:24:30.717,1,5.5,3.914431,297.00738333333334,4comp
POX20,2026-05-11 00:00:33.595,1,5.5,4.704647,66.00173333333333,4comp
POX20,2026-05-11 00:17:33.621,1,5.5,4.853588,49.0013,4comp
POX20,2026-05-11 01:14:33.712,1,5.5,5.492345,278.00755000000004,4comp
POX20,2026-05-11 01:51:33.772,1,5.5,5.195275,241.00655,4comp
POX20,2026-05-11 03:00:33.885,1,5.5,5.083586,172.00466666666668,4comp
POX20,2026-05-11 10:47:34.629,1,5.5,4.411318,90.00240000000001,4comp
POX20,2026-05-11 12:14:34.768,1,5.5,4.598923,3.0000833333333334,4comp
POX20,2026-05-11 12:31:45.470,1,5.5,4.231023,,4comp
POX20,2026-05-11 15:46:45.783,1,5.5,3.675226,,4comp
POX20,2026-05-11 16:26:45.848,1,5.5,3.553085,,4comp
POX20,2026-05-11 17:14:45.927,1,5.5,3.391578,,4comp
POX20,2026-05-12 16:46:48.008,1,5.5,4.356013,352.00881666666663,4comp
POX20,2026-05-12 17:34:48.074,1,5.5,4.717915,304.0077166666667,4comp
POX20,2026-05-13 08:57:49.510,1,5.5,4.722623,,4comp
POX20,2026-05-13 09:15:49.539,1,5.5,4.780408,,4comp
POX20,2026-05-14 18:15:52.578,1,6.0,3.922846,,4comp
POX20,2026-05-15 00:26:53.143,1,6.0,3.427474,,4comp
POX20,2026-05-15 00:47:53.176,1,6.0,3.465197,,4comp
POX20,2026-05-15 01:01:53.197,1,6.0,3.426638,,4comp
POX20,2026-05-15 01:30:53.243,1,6.0,3.468241,,4comp
POX20,2026-05-15 01:50:53.275,1,6.0,3.762008,,4comp
POX20,2026-05-15 02:16:53.316,1,6.0,3.741411,,4comp
POX20,2026-05-15 02:56:53.381,1,6.0,3.334631,,4comp
POX20,2026-05-15 03:16:53.413,1,6.0,3.426777,,4comp
POX20,2026-05-15 03:36:53.445,1,6.0,3.455046,,4comp
POX20,2026-05-15 03:45:53.460,1,6.0,3.372249,,4comp
POX20,2026-05-15 04:00:53.483,1,6.0,3.245186,,4comp
POX20,2026-05-15 04:24:53.522,1,6.0,3.182697,,4comp
POX20,2026-05-15 04:50:53.563,1,6.0,3.669118,,4comp
POX20,2026-05-15 05:15:53.602,1,6.0,3.748075,,4comp
POX20,2026-05-15 05:55:53.666,1,6.0,3.892794,,4comp
POX20,2026-05-15 06:29:53.721,1,6.0,3.753258,,4comp
POX20,2026-05-15 06:57:53.765,1,6.0,3.918554,,4comp
POX20,2026-05-15 07:15:53.794,1,6.0,4.231881,,4comp
POX20,2026-05-15 07:43:53.839,1,6.0,3.808163,,4comp
POX20,2026-05-15 13:12:54.363,1,6.0,4.036105,,4comp
POX20,2026-05-16 10:44:56.420,1,6.0,4.180707,221.00571666666667,4comp
POX20,2026-05-16 11:01:56.447,1,6.0,4.243486,204.00526666666667,4comp
POX20,2026-05-16 11:42:56.510,1,6.0,4.180602,163.00421666666668,4comp
POX20,2026-05-16 16:15:56.931,1,6.0,3.683112,,4comp
POX20,2026-05-19 00:45:02.617,1,16.0,3.907994,,4comp
POX20,2026-05-19 03:26:02.895,1,16.0,3.42292,,4comp
POX20,2026-05-19 04:04:02.963,1,16.0,3.284197,,4comp
POX20,2026-05-21 13:33:08.127,1,6.0,3.953831,,4comp
POX20,2026-05-23 16:00:12.801,1,6.0,5.508444,31.000766666666667,4comp
POX20,2026-05-23 17:40:12.946,1,6.0,4.609694,81.0021,4comp
POX21,2026-02-20 15:54:45.213,1,6.5,6.38133,23.000933333333332,4comp
POX21,2026-02-23 01:11:53.653,1,6.5,6.397966,4.000166666666667,4comp
POX21,2026-02-27 13:10:10.708,1,6.5,6.16575,13.000566666666666,4comp
POX21,2026-03-03 13:38:26.343,1,6.5,6.26233,6.000283333333333,4comp
POX21,2026-03-03 14:28:26.477,1,6.5,6.459266,6.000266666666667,4comp
POX21,2026-03-05 16:22:36.606,1,6.5,6.286798,20.000816666666665,4comp
POX21,2026-03-05 18:12:36.879,1,6.5,5.783059,21.000883333333334,4comp
POX21,2026-03-06 12:07:24.384,1,6.5,6.205101,7.000299999999999,4comp
POX21,2026-03-07 02:55:26.577,1,6.5,6.205814,3.0001333333333333,4comp
POX21,2026-03-08 17:04:32.440,1,6.5,5.679831,22.0009,4comp
POX21,2026-03-08 17:43:32.535,1,6.5,5.676252,3.0001333333333333,4comp
POX21,2026-03-08 18:21:32.629,1,6.5,5.216452,26.001066666666667,4comp
POX21,2026-03-11 09:08:42.161,1,6.5,6.483,2.0001,4comp
POX21,2026-03-12 22:19:48.076,1,6.5,6.186712,3.0001333333333333,4comp
POX21,2026-03-13 02:59:48.818,1,6.5,6.250833,17.000766666666667,4comp
POX21,2026-03-16 13:23:02.154,1,6.5,6.429837,30.00136666666667,4comp
POX21,2026-03-18 10:40:09.563,1,6.5,6.391352,5.000216666666666,4comp
POX21,2026-03-18 17:20:10.640,1,6.5,6.479776,3.0001333333333333,4comp
POX21,2026-03-23 11:28:42.820,1,6.5,6.151452,53.002399999999994,4comp
POX21,2026-03-25 19:35:52.059,1,6.5,6.422976,6.000266666666667,4comp
POX21,2026-03-25 21:45:52.409,1,6.5,6.409966,4.000183333333333,4comp
POX21,2026-04-01 04:46:16.868,1,6.5,6.319714,8.000366666666666,4comp
POX21,2026-04-01 06:56:17.226,1,6.5,6.446845,4.000183333333333,4comp
POX21,2026-04-04 04:03:28.608,1,10.0,7.288682,0.0,4comp
POX21,2026-04-04 04:58:28.760,1,10.0,6.756242,0.0,4comp
POX21,2026-04-04 18:50:31.007,1,6.5,5.897982,8.000366666666666,4comp
POX21,2026-04-05 08:11:33.214,1,11.0,6.151771,325.01465,4comp
POX21,2026-04-11 00:25:55.291,1,6.5,6.437824,3.0001333333333333,4comp
POX21,2026-04-15 21:10:14.545,1,6.5,6.416337,8.000366666666666,4comp
POX21,2026-04-18 05:21:23.815,1,6.5,6.461632,16.00075,4comp
POX21,2026-04-20 02:08:31.256,1,6.5,6.375185,7.0003166666666665,4comp
POX21,2026-04-20 02:28:31.311,1,6.5,6.327322,7.0003166666666665,4comp
POX21,2026-04-20 02:48:31.366,1,6.5,6.235122,8.000366666666666,4comp
POX21,2026-04-20 02:58:31.394,1,6.5,6.271364,5.000216666666666,4comp
POX21,2026-04-20 03:18:31.448,1,6.5,6.432655,4.000183333333333,4comp
POX21,2026-04-20 03:38:31.503,1,6.5,6.404637,2.0001,4comp
POX21,2026-04-20 04:08:31.586,1,6.5,6.167326,12.00055,4comp
POX21,2026-04-20 04:18:31.613,1,6.5,6.359103,2.0001,4comp
POX21,2026-04-20 04:38:31.668,1,6.5,6.330657,5.000233333333333,4comp
POX21,2026-04-20 04:48:31.695,1,6.5,6.317372,2.0001,4comp
POX21,2026-04-20 04:58:31.723,1,6.5,6.296999,15.000683333333335,4comp
POX21,2026-04-20 05:08:31.750,1,6.5,6.426919,5.000233333333333,4comp
POX21,2026-04-20 05:18:31.778,1,6.5,6.061066,15.0007,4comp
POX21,2026-04-20 05:28:31.806,1,6.5,6.250576,5.000233333333333,4comp
POX21,2026-04-20 05:38:31.833,1,6.5,6.453132,1.00005,4comp
POX21,2026-04-20 13:08:33.081,1,6.5,6.46981,4.000183333333333,4comp
POX21,2026-04-20 13:28:33.137,1,6.5,6.434268,4.000166666666667,4comp
POX21,2026-04-20 13:38:33.164,1,6.5,6.385451,4.000183333333333,4comp
POX21,2026-04-20 13:48:33.191,1,6.5,6.403563,17.000783333333334,4comp
POX21,2026-04-20 13:58:33.219,1,6.5,6.248745,7.0003166666666665,4comp
POX21,2026-04-20 14:08:33.246,1,6.5,6.396072,25.00115,4comp
POX21,2026-04-20 14:18:33.274,1,6.5,6.246892,15.000683333333335,4comp
POX21,2026-04-20 14:28:33.301,1,6.5,6.038401,5.000233333333333,4comp
POX21,2026-04-20 14:38:33.328,1,6.5,6.378278,127.0058,4comp
POX21,2026-04-20 14:48:33.356,1,6.5,6.077809,117.00533333333333,4comp
POX21,2026-04-20 14:58:33.383,1,6.5,6.121914,107.00488333333332,4comp
POX21,2026-04-20 15:08:33.411,1,6.5,5.759426,97.00441666666667,4comp
POX21,2026-04-20 15:18:33.438,1,6.5,5.828174,87.00396666666667,4comp
POX21,2026-04-20 15:28:33.465,1,6.5,5.857888,77.00351666666667,4comp
POX21,2026-04-20 15:38:33.492,1,6.5,5.712498,67.00306666666667,4comp
POX21,2026-04-20 15:48:33.520,1,6.5,6.115128,57.0026,4comp
POX21,2026-04-20 15:58:33.547,1,6.5,6.154712,47.00215,4comp
POX21,2026-04-20 16:08:33.575,1,6.5,6.012329,37.00168333333333,4comp
POX21,2026-04-20 16:18:33.602,1,6.5,6.121342,27.001233333333335,4comp
POX21,2026-04-20 16:28:33.629,1,6.5,6.141155,17.000783333333334,4comp
POX21,2026-04-20 16:38:33.657,1,6.5,6.13906,7.0003166666666665,4comp
POX21,2026-04-20 16:48:33.684,1,6.5,6.271823,18.000833333333333,4comp
POX21,2026-04-20 16:58:33.712,1,6.5,5.938329,8.000366666666666,4comp
POX21,2026-04-20 17:08:33.739,1,6.5,6.18435,13.000599999999999,4comp
POX21,2026-04-20 17:18:33.767,1,6.5,6.200477,3.0001333333333333,4comp
POX21,2026-04-20 17:28:33.794,1,6.5,6.383208,2.0001,4comp
POX21,2026-04-20 17:38:33.822,1,6.5,6.295666,13.000583333333333,4comp
POX21,2026-04-20 17:48:33.849,1,6.5,6.08615,3.0001333333333333,4comp
POX21,2026-04-20 17:58:33.877,1,6.5,6.337723,19.000866666666663,4comp
POX21,2026-04-20 18:08:33.904,1,6.5,6.278249,9.000416666666666,4comp
POX21,2026-04-20 18:38:33.987,1,6.5,6.406815,6.000283333333333,4comp
POX21,2026-04-21 09:18:36.431,1,6.5,6.498859,1.0000333333333333,4comp
POX21,2026-04-21 09:28:36.458,1,6.5,6.483693,2.0001,4comp
POX21,2026-04-21 09:38:36.486,1,6.5,6.329638,43.00196666666667,4comp
POX21,2026-04-21 09:48:36.513,1,6.5,6.360659,33.00151666666667,4comp
POX21,2026-04-21 09:58:36.541,1,6.5,6.177849,23.001050000000003,4comp
POX21,2026-04-21 10:08:36.568,1,6.5,6.274086,13.000599999999999,4comp
POX21,2026-04-21 10:18:36.596,1,6.5,6.226905,3.0001333333333333,4comp
POX21,2026-04-21 10:28:36.623,1,6.5,5.992982,7.0003166666666665,4comp
POX21,2026-04-21 10:58:36.705,1,6.5,6.190137,3.0001499999999997,4comp
POX21,2026-04-21 11:08:36.733,1,6.5,6.163052,44.001999999999995,4comp
POX21,2026-04-21 11:18:36.760,1,6.5,6.331165,34.00155,4comp
POX21,2026-04-21 11:28:36.787,1,6.5,5.883811,24.0011,4comp
POX21,2026-04-21 11:38:36.815,1,6.5,6.276717,14.000633333333333,4comp
POX21,2026-04-21 11:48:36.842,1,6.5,6.281862,4.000183333333333,4comp
POX21,2026-04-21 11:58:36.869,1,6.5,6.369289,2.0000833333333334,4comp
POX21,2026-04-21 13:28:37.114,1,6.5,6.378907,2.0000833333333334,4comp
POX21,2026-04-21 14:58:37.360,1,6.5,6.443582,44.001999999999995,4comp
POX21,2026-04-21 15:08:37.387,1,6.5,6.353181,34.00155,4comp
POX21,2026-04-21 15:18:37.414,1,6.5,6.268017,24.0011,4comp
POX21,2026-04-21 15:28:37.442,1,6.5,6.16495,14.000633333333333,4comp
POX21,2026-04-21 15:38:37.469,1,6.5,6.082268,4.000183333333333,4comp
POX21,2026-04-21 15:48:37.497,1,6.5,6.104854,27.001233333333335,4comp
POX21,2026-04-21 15:58:37.524,1,6.5,5.693356,17.000783333333334,4comp
POX21,2026-04-21 16:08:37.552,1,6.5,5.614137,7.0003166666666665,4comp
POX21,2026-04-21 16:28:37.607,1,6.5,5.909769,42.001916666666666,4comp
POX21,2026-04-21 16:38:37.634,1,6.5,5.945837,32.001466666666666,4comp
POX21,2026-04-21 16:48:37.662,1,6.5,6.335506,22.000999999999998,4comp
POX21,2026-04-21 16:58:37.689,1,6.5,5.616626,12.00055,4comp
POX21,2026-04-21 17:08:37.717,1,6.5,5.809715,2.0000833333333334,4comp
POX21,2026-04-21 17:28:37.771,1,6.5,5.663066,29.00133333333333,4comp
POX21,2026-04-21 17:38:37.799,1,6.5,5.929296,19.000866666666663,4comp
POX21,2026-04-21 17:48:37.826,1,6.5,6.132629,9.000416666666666,4comp
POX21,2026-04-21 18:08:37.881,1,6.5,6.415595,2.0001,4comp
POX21,2026-04-21 19:58:38.184,1,6.5,6.38053,1.00005,4comp
POX21,2026-04-22 07:28:40.100,1,6.5,6.49594,6.000283333333333,4comp
POX21,2026-04-22 08:18:40.238,1,6.5,6.495214,1.00005,4comp
POX21,2026-04-22 08:38:40.293,1,6.5,6.315639,43.001983333333335,4comp
POX21,2026-04-22 08:48:40.321,1,6.5,6.13086,33.00151666666667,4comp
POX21,2026-04-22 08:58:40.348,1,6.5,5.954795,23.001066666666667,4comp
POX21,2026-04-22 09:08:40.376,1,6.5,5.996911,13.000599999999999,4comp
POX21,2026-04-22 09:18:40.403,1,6.5,6.269187,3.0001499999999997,4comp
POX21,2026-04-22 09:28:40.431,1,6.5,6.479878,3.0001333333333333,4comp
POX21,2026-04-22 17:08:41.700,1,6.5,6.411521,27.001233333333335,4comp
POX21,2026-04-22 17:18:41.727,1,6.5,6.435559,17.000783333333334,4comp
POX21,2026-04-22 17:28:41.755,1,6.5,6.11531,7.0003166666666665,4comp
POX21,2026-04-22 17:48:41.809,1,6.5,6.270007,19.000866666666663,4comp
POX21,2026-04-22 17:58:41.837,1,6.5,6.09991,9.0004,4comp
POX21,2026-04-22 18:08:41.864,1,6.5,6.180487,1.00005,4comp
POX21,2026-04-22 18:48:41.974,1,6.5,6.405636,5.000216666666666,4comp
POX21,2026-04-22 19:18:42.055,1,6.5,6.299657,2.0001,4comp
POX21,2026-04-23 06:38:43.931,1,6.5,6.484555,13.000599999999999,4comp
POX21,2026-04-23 06:48:43.959,1,6.5,6.478682,3.0001333333333333,4comp
POX21,2026-04-23 07:48:44.124,1,6.5,6.184881,8.000366666666666,4comp
POX21,2026-04-23 08:08:44.178,1,6.5,6.087995,6.000283333333333,4comp
POX21,2026-04-23 08:18:44.206,1,6.5,6.19078,36.00163333333333,4comp
POX21,2026-04-23 08:28:44.233,1,6.5,6.319596,26.001183333333334,4comp
POX21,2026-04-23 08:38:44.260,1,6.5,6.172603,16.000733333333333,4comp
POX21,2026-04-23 08:48:44.288,1,6.5,6.237769,6.000266666666667,4comp
POX21,2026-04-23 08:58:44.315,1,6.5,6.374723,18.000816666666665,4comp
POX21,2026-04-23 09:08:44.342,1,6.5,6.129544,8.000366666666666,4comp
POX21,2026-04-23 09:38:44.424,1,6.5,6.169101,3.0001499999999997,4comp
POX21,2026-04-23 09:58:44.479,1,6.5,5.993883,8.000366666666666,4comp
POX21,2026-04-23 10:18:44.533,1,6.5,6.21482,5.000233333333333,4comp
POX21,2026-04-23 10:28:44.561,1,6.5,6.412662,4.000183333333333,4comp
POX21,2026-04-23 10:38:44.588,1,6.5,6.340437,5.000233333333333,4comp
POX21,2026-04-23 10:58:44.643,1,6.5,6.278944,19.00085,4comp
POX21,2026-04-23 11:08:44.670,1,6.5,5.903986,9.0004,4comp
POX21,2026-04-23 11:28:44.724,1,6.5,6.053441,48.00216666666667,4comp
POX21,2026-04-23 11:38:44.752,1,6.5,5.988667,38.0017,4comp
POX21,2026-04-23 11:48:44.778,1,6.5,5.983002,28.001266666666666,4comp
POX21,2026-04-23 11:58:44.805,1,6.5,6.300125,18.000816666666665,4comp
POX21,2026-04-23 12:08:44.832,1,6.5,6.418636,8.000366666666666,4comp
POX21,2026-04-23 12:18:44.859,1,6.5,6.286823,8.000366666666666,4comp
POX21,2026-04-23 13:18:45.021,1,6.5,6.324223,7.0003166666666665,4comp
POX21,2026-04-23 13:28:45.049,1,6.5,6.217197,28.001266666666666,4comp
POX21,2026-04-23 13:38:45.076,1,6.5,6.239421,18.000816666666665,4comp
POX21,2026-04-23 13:48:45.103,1,6.5,6.145807,8.000366666666666,4comp
POX21,2026-04-23 14:08:45.158,1,6.5,5.945511,18.000816666666665,4comp
POX21,2026-04-23 14:18:45.185,1,6.5,5.862868,8.000366666666666,4comp
POX21,2026-04-23 14:28:45.212,1,6.5,6.457771,15.000683333333335,4comp
POX21,2026-04-23 14:38:45.240,1,6.5,6.426733,5.000216666666666,4comp
POX21,2026-04-23 14:58:45.294,1,6.5,6.248945,2.0001,4comp
POX21,2026-04-23 15:08:45.322,1,6.5,6.147829,4.000183333333333,4comp
POX21,2026-04-23 15:18:45.349,1,6.5,6.182459,5.000233333333333,4comp
POX21,2026-04-23 15:28:45.376,1,6.5,6.048298,43.001983333333335,4comp
POX21,2026-04-23 15:38:45.404,1,6.5,6.359099,33.00151666666667,4comp
POX21,2026-04-23 15:48:45.431,1,6.5,5.859102,23.001066666666667,4comp
POX21,2026-04-23 15:58:45.459,1,6.5,5.703191,13.000599999999999,4comp
POX21,2026-04-23 16:08:45.486,1,6.5,5.948075,3.0001499999999997,4comp
POX21,2026-04-23 16:18:45.514,1,6.5,6.146267,78.00358333333334,4comp
POX21,2026-04-23 16:28:45.541,1,6.5,6.190112,68.00313333333334,4comp
POX21,2026-04-23 16:38:45.569,1,6.5,5.80534,58.00266666666666,4comp
POX21,2026-04-23 16:48:45.596,1,6.5,6.148356,48.00221666666666,4comp
POX21,2026-04-23 16:58:45.624,1,6.5,6.200104,38.00175,4comp
POX21,2026-04-23 17:08:45.651,1,6.5,6.237683,28.0013,4comp
POX21,2026-04-23 17:18:45.679,1,6.5,6.412807,18.000833333333333,4comp
POX21,2026-04-23 17:28:45.707,1,6.5,6.266578,8.000366666666666,4comp
POX21,2026-04-23 20:36:46.225,1,6.5,6.394639,2.0001,4comp
POX21,2026-04-24 08:16:48.171,1,6.5,6.434683,4.000183333333333,4comp
POX21,2026-04-24 08:26:48.199,1,6.5,6.452108,2.0000833333333334,4comp
POX21,2026-04-24 08:46:48.254,1,6.5,6.066936,8.000383333333334,4comp
POX21,2026-04-24 09:06:48.310,1,6.5,6.285939,7.0003166666666665,4comp
POX21,2026-04-24 09:16:48.338,1,6.5,6.36311,7.0003166666666665,4comp
POX21,2026-04-24 09:36:48.393,1,6.5,6.269251,6.000283333333333,4comp
POX21,2026-04-24 09:56:48.449,1,6.5,6.18425,24.001116666666668,4comp
POX21,2026-04-24 10:06:48.477,1,6.5,5.782366,14.00065,4comp
POX21,2026-04-24 10:16:48.505,1,6.5,5.772711,4.000183333333333,4comp
POX21,2026-04-24 10:36:48.560,1,6.5,5.585916,44.00203333333333,4comp
POX21,2026-04-24 10:46:48.588,1,6.5,5.831531,34.00156666666667,4comp
POX21,2026-04-24 10:56:48.616,1,6.5,5.712339,24.0011,4comp
POX21,2026-04-24 11:06:48.643,1,6.5,5.984509,14.00065,4comp
POX21,2026-04-24 11:16:48.671,1,6.5,6.35479,4.000183333333333,4comp
POX21,2026-04-24 11:26:48.699,1,6.5,6.16736,29.00135,4comp
POX21,2026-04-24 11:36:48.727,1,6.5,6.102344,19.000883333333334,4comp
POX21,2026-04-24 11:46:48.755,1,6.5,6.086501,9.000416666666666,4comp
POX21,2026-04-24 12:06:48.810,1,6.5,6.031279,16.00075,4comp
POX21,2026-04-24 12:16:48.838,1,6.5,5.99263,6.000283333333333,4comp
POX21,2026-04-24 12:26:48.866,1,6.5,6.426198,16.000733333333333,4comp
POX21,2026-04-24 12:36:48.893,1,6.5,6.014017,6.000283333333333,4comp
POX21,2026-04-25 08:06:52.143,1,6.5,6.440381,,4comp
POX21,2026-04-25 08:16:52.171,1,6.5,6.299498,,4comp
POX21,2026-04-25 08:26:52.199,1,6.5,6.376663,,4comp
POX21,2026-04-25 08:36:52.226,1,6.5,6.020833,355.01626666666664,4comp
POX21,2026-04-25 08:46:52.254,1,6.5,5.962265,345.0158,4comp
POX21,2026-04-25 08:56:52.282,1,6.5,5.824843,335.01533333333333,4comp
POX21,2026-04-25 09:06:52.309,1,6.5,5.789306,325.01488333333333,4comp
POX21,2026-04-25 09:16:52.337,1,6.5,5.531277,315.0144166666667,4comp
POX21,2026-04-25 09:26:52.365,1,6.5,5.324435,305.01394999999997,4comp
POX21,2026-04-25 09:36:52.392,1,6.5,5.192145,295.0135,4comp
POX21,2026-04-25 09:46:52.420,1,6.5,5.115345,285.01303333333334,4comp
POX21,2026-04-25 09:56:52.448,1,6.5,4.95288,275.01256666666666,4comp
POX21,2026-04-25 10:06:52.475,1,6.5,5.350199,265.01211666666666,4comp
POX21,2026-04-25 10:16:52.503,1,6.5,4.899851,255.01165,4comp
POX21,2026-04-25 10:26:52.530,1,6.5,5.159332,245.0112,4comp
POX21,2026-04-25 10:36:52.558,1,6.5,5.116745,235.01073333333335,4comp
POX21,2026-04-25 10:46:52.586,1,6.5,5.226274,225.01026666666667,4comp
POX21,2026-04-25 10:56:52.613,1,6.5,5.041018,215.00981666666667,4comp
POX21,2026-04-25 11:06:52.641,1,6.5,5.996488,205.00934999999998,4comp
POX21,2026-04-25 11:16:52.668,1,6.5,5.293138,195.00889999999998,4comp
POX21,2026-04-25 11:26:52.696,1,6.5,5.609889,185.00843333333333,4comp
POX21,2026-04-25 11:36:52.723,1,6.5,5.387598,175.00798333333333,4comp
POX21,2026-04-25 11:46:52.751,1,6.5,5.502043,165.00751666666665,4comp
POX21,2026-04-25 11:56:52.779,1,6.5,5.408106,155.00705000000002,4comp
POX21,2026-04-25 12:06:52.806,1,6.5,5.267292,145.00660000000002,4comp
POX21,2026-04-25 12:16:52.834,1,6.5,5.543697,135.00613333333334,4comp
POX21,2026-04-25 12:26:52.861,1,6.5,5.218777,125.00568333333334,4comp
POX21,2026-04-25 12:36:52.889,1,6.5,5.221979,115.00521666666667,4comp
POX21,2026-04-25 12:46:52.916,1,6.5,5.37445,105.00476666666667,4comp
POX21,2026-04-25 12:56:52.944,1,6.5,6.228119,95.0043,4comp
POX21,2026-04-25 13:06:52.971,1,6.5,6.286942,85.00385,4comp
POX21,2026-04-25 13:16:52.998,1,6.5,5.995965,75.0034,4comp
POX21,2026-04-25 13:25:53.023,1,6.5,6.161078,66.00298333333333,4comp
POX21,2026-04-25 13:30:53.036,1,6.5,6.305269,61.002766666666666,4comp
POX21,2026-04-25 16:09:53.470,1,6.5,6.474897,5.000233333333333,4comp
POX21,2026-04-28 03:57:03.442,1,6.5,6.456762,1.00005,4comp
POX21,2026-05-01 17:23:17.636,1,6.0,5.622247,5.000233333333333,4comp
POX21,2026-05-02 07:19:19.951,1,6.5,6.383285,0.0,4comp
POX21,2026-05-02 07:54:20.047,1,6.5,6.368083,5.000233333333333,4comp
POX21,2026-05-02 12:53:20.879,1,6.5,6.430274,2.0001,4comp
POX21,2026-05-03 07:59:23.980,1,6.5,6.444387,3.0001333333333333,4comp
POX21,2026-05-03 09:39:24.256,1,6.5,6.470135,45.002050000000004,4comp
POX21,2026-05-03 09:49:24.283,1,6.5,6.376158,35.0016,4comp
POX21,2026-05-03 09:59:24.311,1,6.5,6.149302,25.001133333333332,4comp
POX21,2026-05-03 10:09:24.338,1,6.5,6.297789,15.000683333333335,4comp
POX21,2026-05-03 10:19:24.366,1,6.5,6.339534,5.000216666666666,4comp
POX21,2026-05-03 10:29:24.393,1,6.5,6.391712,1.00005,4comp
POX21,2026-05-03 10:39:24.421,1,6.5,6.433897,9.0004,4comp
POX21,2026-05-03 10:49:24.448,1,6.5,6.332642,7.0003166666666665,4comp
POX21,2026-05-03 11:09:24.503,1,6.5,6.438697,45.00203333333333,4comp
POX21,2026-05-03 11:19:24.530,1,6.5,6.228701,35.00158333333333,4comp
POX21,2026-05-03 11:29:24.557,1,6.5,6.362862,25.001133333333332,4comp
POX21,2026-05-03 11:39:24.584,1,6.5,6.14501,15.000683333333335,4comp
POX21,2026-05-03 11:49:24.612,1,6.5,5.891914,5.000216666666666,4comp
POX21,2026-05-03 12:19:24.693,1,6.5,6.423037,1.00005,4comp
POX21,2026-05-04 06:34:27.700,1,6.5,6.423196,8.000366666666666,4comp
POX21,2026-05-04 06:44:27.728,1,6.5,6.419452,2.0000833333333334,4comp
POX21,2026-05-04 09:24:28.164,1,6.5,6.493392,1.00005,4comp
POX21,2026-05-04 13:59:28.912,1,6.5,6.28174,58.0026,4comp
POX21,2026-05-04 14:09:28.939,1,6.5,6.210867,48.00215,4comp
POX21,2026-05-04 14:19:28.966,1,6.5,6.257705,38.0017,4comp
POX21,2026-05-04 14:29:28.993,1,6.5,6.286128,28.001250000000002,4comp
POX21,2026-05-04 14:39:29.020,1,6.5,6.394481,18.0008,4comp
POX21,2026-05-04 14:49:29.047,1,6.5,6.077789,8.000350000000001,4comp
POX21,2026-05-04 14:59:29.074,1,6.5,6.199808,35.00156666666667,4comp
POX21,2026-05-04 15:09:29.101,1,6.5,6.139039,25.001116666666668,4comp
POX21,2026-05-04 15:19:29.128,1,6.5,6.042811,15.000666666666666,4comp
POX21,2026-05-04 15:29:29.155,1,6.5,6.032425,5.000216666666666,4comp
POX21,2026-05-04 15:39:29.182,1,6.5,6.023105,7.000299999999999,4comp
POX21,2026-05-04 15:49:29.209,1,6.5,6.266838,99.00441666666667,4comp
POX21,2026-05-04 15:59:29.235,1,6.5,6.357648,89.00398333333332,4comp
POX21,2026-05-04 16:09:29.262,1,6.5,6.157014,79.00353333333334,4comp
POX21,2026-05-04 16:19:29.289,1,6.5,6.329021,69.00308333333334,4comp
POX21,2026-05-04 16:29:29.316,1,6.5,6.168439,59.00263333333333,4comp
POX21,2026-05-04 16:39:29.342,1,6.5,6.026782,49.0022,4comp
POX21,2026-05-04 16:49:29.369,1,6.5,5.971115,39.00175,4comp
POX21,2026-05-04 16:59:29.396,1,6.5,5.909959,29.0013,4comp
POX21,2026-05-04 17:09:29.423,1,6.5,5.882604,19.00085,4comp
POX21,2026-05-04 17:19:29.450,1,6.5,5.720248,9.0004,4comp
POX21,2026-05-04 17:39:29.504,1,6.5,5.787001,47.002116666666666,4comp
POX21,2026-05-04 17:49:29.531,1,6.5,5.896517,37.001666666666665,4comp
POX21,2026-05-04 17:59:29.558,1,6.5,5.854658,27.001216666666668,4comp
POX21,2026-05-04 18:09:29.585,1,6.5,6.197001,17.000766666666667,4comp
POX21,2026-05-04 18:19:29.612,1,6.5,5.943152,7.0003166666666665,4comp
POX21,2026-05-04 18:29:29.639,1,6.5,6.257204,4.000183333333333,4comp
POX21,2026-05-04 18:39:29.666,1,6.5,6.412969,4.000183333333333,4comp
POX21,2026-05-05 06:09:31.559,1,6.5,6.460853,1.0000333333333333,4comp
POX21,2026-05-05 06:29:31.613,1,6.5,6.383793,18.000833333333333,4comp
POX21,2026-05-05 06:39:31.641,1,6.5,6.430331,8.000366666666666,4comp
POX21,2026-05-05 06:59:31.695,1,6.5,6.086162,40.00183333333334,4comp
POX21,2026-05-05 07:09:31.723,1,6.5,6.304306,30.00136666666667,4comp
POX21,2026-05-05 07:19:31.750,1,6.5,6.169351,20.00091666666667,4comp
POX21,2026-05-05 07:29:31.777,1,6.5,6.05768,10.000466666666666,4comp
POX21,2026-05-05 07:49:31.832,1,6.5,6.13836,15.000683333333335,4comp
POX21,2026-05-05 07:59:31.859,1,6.5,5.709378,5.000233333333333,4comp
POX21,2026-05-05 08:09:31.887,1,6.5,6.178712,9.0004,4comp
POX21,2026-05-05 08:19:31.914,1,6.5,6.33877,144.00653333333332,4comp
POX21,2026-05-05 08:29:31.941,1,6.5,6.292984,134.00608333333332,4comp
POX21,2026-05-05 08:39:31.968,1,6.5,5.934459,124.00563333333334,4comp
POX21,2026-05-05 08:49:31.995,1,6.5,5.876122,114.00518333333333,4comp
POX21,2026-05-05 08:59:32.023,1,6.5,5.985456,104.00471666666667,4comp
POX21,2026-05-05 09:09:32.050,1,6.5,5.833531,94.00426666666667,4comp
POX21,2026-05-05 09:19:32.077,1,6.5,6.128512,84.00381666666667,4comp
POX21,2026-05-05 09:29:32.104,1,6.5,6.139884,74.00336666666666,4comp
POX21,2026-05-05 09:39:32.132,1,6.5,6.018275,64.0029,4comp
POX21,2026-05-05 09:49:32.159,1,6.5,5.737717,54.002449999999996,4comp
POX21,2026-05-05 09:59:32.186,1,6.5,5.960453,44.001999999999995,4comp
POX21,2026-05-05 10:09:32.214,1,6.5,6.013755,34.001533333333334,4comp
POX21,2026-05-05 10:19:32.241,1,6.5,6.11275,24.001083333333334,4comp
POX21,2026-05-05 10:29:32.268,1,6.5,6.107402,14.000633333333333,4comp
POX21,2026-05-05 10:39:32.295,1,6.5,6.401503,4.000183333333333,4comp
POX21,2026-05-05 14:29:32.922,1,6.5,6.436513,3.0001333333333333,4comp
POX21,2026-05-05 14:39:32.948,1,6.5,6.225099,2.0001,4comp
POX21,2026-05-05 14:49:32.975,1,6.5,6.434368,1.00005,4comp
POX21,2026-05-05 15:09:33.029,1,6.5,5.779191,323.01446666666664,4comp
POX21,2026-05-05 15:19:33.055,1,6.5,5.851894,313.0140333333333,4comp
POX21,2026-05-05 15:29:33.083,1,6.5,5.455714,303.01356666666663,4comp
POX21,2026-05-05 15:39:33.109,1,6.5,5.573275,293.0131333333333,4comp
POX21,2026-05-05 15:49:33.136,1,6.5,6.061564,283.0126833333333,4comp
POX21,2026-05-05 15:59:33.162,1,6.5,5.561731,273.01225,4comp
POX21,2026-05-05 16:09:33.189,1,6.5,5.439489,263.0118,4comp
POX21,2026-05-05 16:19:33.216,1,6.5,5.529549,253.01135000000002,4comp
POX21,2026-05-05 16:29:33.242,1,6.5,5.587685,243.01091666666667,4comp
POX21,2026-05-05 16:39:33.269,1,6.5,5.547265,233.01046666666667,4comp
POX21,2026-05-05 20:17:33.856,1,6.5,5.977135,15.000683333333335,4comp
POX21,2026-05-06 10:51:36.250,1,6.5,6.0239,6.000283333333333,4comp
POX21,2026-05-08 09:07:43.789,1,6.5,5.847807,,4comp
POX21,2026-05-08 10:57:44.096,1,6.5,5.935938,351.01605,4comp
POX21,2026-05-08 12:12:44.306,1,6.5,5.434505,276.01255000000003,4comp
POX21,2026-05-17 09:21:19.029,1,7.5,5.25626,,4comp
POX21,2026-05-22 16:15:38.901,1,7.5,6.169913,,4comp
POX21,2026-05-22 17:23:39.085,1,7.5,6.249811,,4comp
POX22,2026-02-01 00:00:44.088,1,6.5,6.374704,6.00005,4comp
POX22,2026-02-03 10:20:46.367,1,7.0,6.04178,,4comp
POX22,2026-02-03 15:03:46.475,1,7.0,6.218896,,4comp
POX22,2026-02-03 15:45:46.481,1,7.0,5.957431,,4comp
POX22,2026-02-03 16:30:46.489,1,7.0,6.224637,,4comp
POX22,2026-02-05 13:54:48.041,1,6.5,5.015967,,4comp
POX22,2026-02-08 10:37:49.454,1,7.0,6.561336,15.0002,4comp
POX22,2026-02-08 14:39:20.520,1,7.0,6.704147,4.0,4comp
POX22,2026-02-10 00:48:21.330,1,7.0,6.864971,5.00005,4comp
POX22,2026-02-14 07:56:26.112,1,14.0,7.434595,,4comp
POX22,2026-02-15 05:01:26.874,1,14.0,7.823365,0.0,4comp
POX22,2026-02-15 07:51:27.030,1,14.0,7.908993,,4comp
POX22,2026-02-16 09:52:27.883,1,7.0,6.759831,22.000383333333332,4comp
POX22,2026-02-16 10:22:27.913,1,7.0,6.695457,10.000166666666667,4comp
POX22,2026-02-17 08:50:28.923,1,7.0,6.927487,4.00005,4comp
POX22,2026-02-17 10:27:28.995,1,7.0,6.81837,7.0001,4comp
POX22,2026-02-17 10:50:29.013,1,7.0,6.939817,9.0001,4comp
POX22,2026-02-19 11:42:30.524,1,6.0,5.984444,1.0000166666666666,4comp
POX22,2026-02-22 13:13:32.327,1,6.0,5.776031,3.0000166666666668,4comp
POX22,2026-02-23 03:07:32.364,1,6.0,5.971352,1.0,4comp
POX22,2026-02-23 14:41:32.659,1,6.0,5.917449,1.0000166666666666,4comp
POX22,2026-02-24 14:32:33.623,1,6.5,6.307515,22.000133333333334,4comp
POX22,2026-02-25 01:06:33.864,1,6.5,6.445737,2.0000166666666668,4comp
POX22,2026-02-25 02:03:33.904,1,6.5,6.480052,1.0000166666666666,4comp
POX22,2026-02-26 05:01:34.608,1,6.5,6.433763,7.0001,4comp
POX22,2026-02-26 07:01:34.707,1,6.5,6.371396,12.00015,4comp
POX22,2026-02-27 07:02:35.723,1,6.5,6.416966,1.0000166666666666,4comp
POX22,2026-02-28 19:24:36.795,1,6.5,6.135816,5.000016666666666,4comp
POX22,2026-02-28 19:44:36.799,1,6.5,6.396965,6.0000333333333336,4comp
POX22,2026-02-28 20:01:36.803,1,6.5,5.574978,24.000133333333334,4comp
POX22,2026-03-01 07:28:37.187,1,6.5,6.4582,6.000066666666667,4comp
POX22,2026-03-01 19:52:37.528,1,6.5,6.396417,15.00015,4comp
POX22,2026-03-02 07:03:37.970,1,6.5,6.264376,94.00111666666666,4comp
POX22,2026-03-03 06:11:38.655,1,6.5,6.004185,134.00175,4comp
POX22,2026-03-03 08:54:38.783,1,6.5,6.421438,21.00026666666667,4comp
POX22,2026-03-03 09:24:38.806,1,6.5,6.341747,2.0000166666666668,4comp
POX22,2026-03-04 19:16:39.972,1,6.5,6.26265,2.0000166666666668,4comp
POX22,2026-03-04 22:03:40.050,1,6.5,6.401796,1.0,4comp
POX22,2026-03-05 08:20:40.617,1,6.5,6.187692,81.00138333333332,4comp
POX22,2026-03-05 22:37:41.101,1,6.5,6.325812,26.0002,4comp
POX22,2026-03-06 21:52:41.672,1,6.5,6.124462,13.000033333333333,4comp
POX22,2026-03-06 22:29:41.680,1,6.5,6.164237,9.00005,4comp
POX22,2026-03-07 10:56:42.132,1,6.5,6.490594,1.0000166666666666,4comp
POX22,2026-03-07 11:13:42.144,1,6.5,6.402625,20.000216666666667,4comp
POX22,2026-03-08 01:37:42.536,1,6.5,6.406527,2.0000166666666668,4comp
POX22,2026-03-08 22:51:43.245,1,6.5,6.210757,7.000066666666667,4comp
POX22,2026-03-08 23:11:43.255,1,6.5,6.247828,4.00005,4comp
POX22,2026-03-09 00:08:43.287,1,6.5,6.446229,2.0000166666666668,4comp
POX22,2026-03-09 01:08:43.322,1,6.5,6.286672,9.0001,4comp
POX22,2026-03-09 01:38:43.341,1,6.5,6.433022,72.0008,4comp
POX22,2026-03-09 09:38:43.665,1,6.5,6.356795,71.00085,4comp
POX22,2026-03-09 22:06:44.028,1,6.5,6.294541,9.000083333333333,4comp
POX22,2026-03-10 23:04:44.708,1,6.0,5.895711,9.000066666666667,4comp
POX22,2026-03-10 23:34:44.721,1,6.0,5.611382,5.0000333333333336,4comp
POX22,2026-03-11 00:27:44.747,1,6.0,5.764075,3.0000166666666668,4comp
POX22,2026-03-11 19:45:45.418,1,6.5,4.972865,,4comp
POX22,2026-03-12 02:15:45.678,1,6.5,6.076471,2.0000166666666668,4comp
POX22,2026-03-12 11:52:46.171,1,6.5,5.377748,3.0000333333333336,4comp
POX22,2026-03-12 12:09:46.182,1,6.5,5.596061,5.000066666666667,4comp
POX22,2026-03-12 12:29:46.195,1,6.5,5.913958,1.0000166666666666,4comp
POX22,2026-03-12 12:49:46.207,1,6.5,6.011269,2.0000166666666668,4comp
POX22,2026-03-12 13:36:46.230,1,6.5,6.193724,2.0000166666666668,4comp
POX22,2026-03-12 14:22:46.250,1,6.5,6.406032,1.0,4comp
POX22,2026-03-12 14:46:46.260,1,6.5,6.227905,1.0,4comp
POX22,2026-03-12 15:26:46.277,1,6.5,5.549488,7.0000333333333336,4comp
POX22,2026-03-12 15:56:46.289,1,6.5,4.793348,14.0001,4comp
POX22,2026-03-12 18:06:46.346,1,6.5,5.874383,4.0000333333333336,4comp
POX22,2026-03-12 18:26:46.356,1,6.5,5.983089,3.0000333333333336,4comp
POX22,2026-03-12 18:46:46.366,1,6.5,6.467041,1.0000166666666666,4comp
POX22,2026-03-12 19:56:46.407,1,6.5,5.959742,1.0000166666666666,4comp
POX22,2026-03-12 20:16:46.420,1,6.5,6.476513,1.0000166666666666,4comp
POX22,2026-03-12 20:36:46.434,1,6.5,5.78751,1.0,4comp
POX22,2026-03-12 21:26:46.470,1,6.5,6.256557,1.0,4comp
POX22,2026-03-12 21:49:46.487,1,6.5,5.885787,2.000033333333333,4comp
POX22,2026-03-12 22:09:46.503,1,6.5,5.930467,2.000033333333333,4comp
POX22,2026-03-12 22:29:46.519,1,6.5,5.124723,2.000033333333333,4comp
POX22,2026-03-12 22:49:46.535,1,6.5,6.191382,1.0000166666666666,4comp
POX22,2026-03-12 23:13:46.555,1,6.5,6.110972,1.0000166666666666,4comp
POX22,2026-03-12 23:36:46.574,1,6.5,6.120823,1.0000166666666666,4comp
POX22,2026-03-13 01:39:46.680,1,6.5,6.021049,2.000033333333333,4comp
POX22,2026-03-13 02:36:46.732,1,6.5,6.489919,1.0000166666666666,4comp
POX22,2026-03-13 05:59:46.921,1,6.5,6.37366,23.000366666666665,4comp
POX22,2026-03-13 06:46:46.966,1,6.5,6.079308,18.000283333333336,4comp
POX22,2026-03-13 07:20:46.999,1,6.5,6.085697,1.0000166666666666,4comp
POX22,2026-03-13 09:00:47.098,1,6.5,6.234757,2.000033333333333,4comp
POX22,2026-03-13 09:16:47.114,1,6.5,5.65216,8.000133333333332,4comp
POX22,2026-03-13 09:40:47.137,1,6.5,6.281971,3.00005,4comp
POX22,2026-03-13 10:06:47.162,1,6.5,5.060758,16.000233333333334,4comp
POX22,2026-03-13 11:06:47.214,1,6.5,6.374289,2.000033333333333,4comp
POX22,2026-03-13 11:36:47.239,1,6.5,4.821069,2.0000166666666668,4comp
POX22,2026-03-13 11:56:47.255,1,6.5,5.640478,8.0001,4comp
POX22,2026-03-13 12:16:47.270,1,6.5,6.019448,2.000033333333333,4comp
POX22,2026-03-13 12:43:47.290,1,6.5,6.115987,5.000066666666667,4comp
POX22,2026-03-13 13:13:47.311,1,6.5,5.790924,12.000133333333334,4comp
POX22,2026-03-13 14:13:47.351,1,6.5,6.348456,59.0006,4comp
POX22,2026-03-13 15:50:47.404,1,6.5,5.868124,75.0006,4comp
POX22,2026-03-13 22:27:47.631,1,6.5,5.527802,1.0000166666666666,4comp
POX22,2026-03-14 02:37:47.847,1,6.5,4.224035,4.00005,4comp
POX22,2026-03-14 02:57:47.865,1,6.5,6.165156,1.0000166666666666,4comp
POX22,2026-03-14 05:31:48.015,1,6.5,6.440348,1.0000166666666666,4comp
POX22,2026-03-14 06:21:48.066,1,6.5,6.18704,1.0000166666666666,4comp
POX22,2026-03-14 09:55:48.291,1,6.5,6.082124,2.000033333333333,4comp
POX22,2026-03-14 19:19:48.836,1,6.5,5.325346,68.00098333333334,4comp
POX22,2026-03-16 05:51:50.870,1,6.5,6.264814,96.00174999999999,4comp
POX22,2026-03-16 18:38:51.657,1,6.5,6.301229,7.000116666666667,4comp
POX22,2026-03-16 19:35:51.712,1,6.5,6.217612,8.000133333333332,4comp
POX22,2026-03-20 13:32:48.818,1,6.5,5.452718,116.00163333333333,4comp
POX22,2026-03-20 15:35:48.921,1,6.5,5.074251,,4comp
POX22,2026-04-01 08:50:43.072,1,6.5,6.415722,10.000166666666667,4comp
POX22,2026-04-02 09:58:44.307,1,6.5,6.497207,1.0000166666666666,4comp
POX22,2026-04-30 07:07:26.326,1,7.0,0.0,,4comp
POX23,2026-04-15 14:41:48.415,1,6.5,4.30681,327.0059166666667,4comp
POX23,2026-04-16 00:41:49.031,1,6.0,5.934981,57.00096666666666,4comp
POX23,2026-04-19 01:13:54.153,1,6.0,5.95676,41.00091666666666,4comp
POX23,2026-04-22 15:16:00.636,1,6.0,5.991463,10.0002,4comp
POX23,2026-04-22 15:53:00.679,1,6.0,5.990238,2.00005,4comp
POX23,2026-04-24 11:17:03.985,1,6.0,5.997178,15.000333333333334,4comp
POX23,2026-04-24 12:32:04.084,1,6.0,5.896451,6.000133333333333,4comp
POX23,2026-04-24 13:39:04.170,1,6.0,5.747215,90.00185,4comp
POX23,2026-04-28 04:41:10.801,1,6.0,5.55785,66.00148333333333,4comp
POX23,2026-05-01 00:35:15.453,1,6.5,6.476846,6.000133333333333,4comp
POX23,2026-05-02 20:14:18.629,1,6.5,6.440127,8.000166666666667,4comp
POX23,2026-05-06 18:46:25.175,1,6.5,6.358847,6.000116666666667,4comp
POX23,2026-05-07 13:44:26.654,1,6.5,5.216585,,4comp
POX23,2026-05-19 18:28:49.373,1,6.0,5.143136,98.00181666666667,4comp
POX24,2026-02-20 08:57:32.958,1,11.0,7.773198,0.0,4comp
POX24,2026-02-20 09:15:32.983,1,11.0,6.84317,0.0,4comp
POX24,2026-02-20 10:24:33.080,1,11.0,7.144101,0.0,4comp
POX24,2026-02-20 10:50:33.115,1,11.0,6.730961,46.00101666666667,4comp
POX24,2026-02-20 11:46:33.189,1,11.0,6.477611,0.0,4comp
POX24,2026-04-09 16:42:04.805,1,5.5,5.137035,6.000166666666667,4comp
POX24,2026-04-10 16:36:06.993,1,5.5,5.496969,4.0001,4comp
POX24,2026-04-11 20:34:09.440,1,5.5,5.135111,28.000733333333336,4comp
POX24,2026-04-23 02:54:21.857,1,5.5,5.328757,2.00005,4comp
POX24,2026-05-07 16:32:34.989,1,6.0,5.589959,0.0,4comp
POX24,2026-05-09 12:10:39.157,1,6.0,5.317107,33.000883333333334,4comp
POX24,2026-05-14 18:24:50.359,1,6.0,5.656904,19.0005,4comp
POX24,2026-05-15 06:26:42.633,1,11.0,7.61041,0.0,4comp
POX25,2026-04-22 18:07:45.660,1,6.5,4.978197,17.000683333333335,4comp
POX25,2026-04-22 18:38:45.734,1,6.5,4.951313,3.0001166666666665,4comp
POX25,2026-04-22 18:53:45.769,1,6.5,5.173282,106.00423333333333,4comp
POX25,2026-04-22 19:40:45.881,1,6.5,5.009856,59.00236666666667,4comp
POX25,2026-04-24 12:12:51.733,1,6.5,6.445976,0.0,4comp
POX25,2026-04-28 06:13:04.690,1,5.8,5.58159,5.0002,4comp
POX25,2026-04-29 12:13:09.002,1,5.8,5.691643,6.000249999999999,4comp
POX25,2026-04-30 05:48:11.552,1,6.2,6.028899,4.000166666666667,4comp
POX25,2026-05-01 01:33:14.432,1,6.2,6.020076,12.000483333333333,4comp
POX25,2026-05-01 06:49:15.203,1,6.2,6.127092,9.000366666666668,4comp
POX25,2026-05-02 13:04:19.585,1,6.2,6.143002,11.000433333333332,4comp
POX25,2026-05-07 19:40:37.949,1,6.2,5.67481,40.00163333333333,4comp
POX25,2026-05-08 18:55:41.336,1,6.2,6.077721,8.0003,4comp
POX25,2026-05-09 02:18:42.406,1,6.2,6.197278,2.0000833333333334,4comp
POX25,2026-05-09 05:55:42.933,1,6.2,5.988446,20.000816666666665,4comp
POX25,2026-05-10 20:06:48.341,1,6.2,6.122582,6.000249999999999,4comp
POX25,2026-05-11 21:21:51.996,1,6.2,5.437351,14.00055,4comp
POX25,2026-05-13 08:14:57.023,1,6.2,6.155257,2.0000833333333334,4comp
POX25,2026-05-13 20:48:54.834,1,6.2,6.072358,33.0013,4comp
POX25,2026-05-15 09:18:00.006,1,6.2,6.160572,15.000616666666668,4comp
POX25,2026-05-16 10:14:03.515,1,6.2,6.110803,29.001183333333334,4comp
POX25,2026-05-18 04:06:09.332,1,8.5,6.990258,0.0,4comp
POX25,2026-05-21 14:57:51.961,1,6.2,5.872353,131.00505,4comp
POX25,2026-05-23 09:23:58.057,1,6.9,6.533712,0.0,4comp
POX26,2026-02-03 05:18:49.224,1,7.8,7.495527,4.000116666666667,4comp
POX26,2026-02-03 11:09:49.858,1,7.8,7.559919,7.0002,4comp
POX26,2026-02-16 16:55:19.971,1,7.8,6.549737,127.00361666666666,4comp
POX26,2026-02-20 11:34:29.610,1,7.8,7.228052,24.00065,4comp
POX26,2026-02-24 08:42:39.043,1,7.8,7.603668,6.000183333333334,4comp
POX26,2026-02-25 03:25:41.082,1,7.8,7.732537,1.0000333333333333,4comp
POX26,2026-02-25 14:15:42.234,1,7.8,7.722613,88.00243333333333,4comp
POX26,2026-03-03 20:12:58.208,1,8.2,8.072826,2.00005,4comp
POX26,2026-03-04 03:13:58.974,1,8.2,7.972387,8.00025,4comp
POX26,2026-04-09 10:28:34.518,1,7.0,0.0,,4comp
POX26,2026-04-09 10:37:34.535,1,7.0,0.0,,4comp
POX26,2026-04-09 11:39:34.650,1,7.0,0.0,,4comp
POX26,2026-04-10 09:51:37.134,1,7.0,0.0,,4comp
POX26,2026-04-10 11:39:37.337,1,7.0,0.0,,4comp
POX26,2026-04-10 16:56:37.922,1,7.0,0.0,,4comp
POX26,2026-04-10 18:44:38.125,1,7.0,0.0,,4comp
POX26,2026-04-10 19:34:38.219,1,7.0,0.0,,4comp
POX26,2026-04-10 21:39:38.453,1,7.0,0.0,,4comp
POX26,2026-04-10 22:09:38.509,1,7.0,0.0,,4comp
POX26,2026-04-10 22:34:38.556,1,7.0,0.0,,4comp
POX26,2026-04-11 01:44:38.912,1,7.0,0.0,,4comp
POX26,2026-04-11 02:34:39.005,1,7.0,0.0,,4comp
POX26,2026-04-11 03:24:39.098,1,7.0,0.0,,4comp
POX26,2026-04-11 03:54:39.153,1,7.0,0.0,,4comp
POX26,2026-04-11 04:24:39.209,1,7.0,0.0,,4comp
POX26,2026-04-11 04:54:39.264,1,7.0,0.0,,4comp
POX26,2026-04-11 05:24:39.319,1,7.0,0.0,,4comp
POX26,2026-04-11 06:19:39.421,1,7.0,0.0,,4comp
POX26,2026-04-11 06:49:39.476,1,7.0,0.0,,4comp
POX26,2026-04-11 07:19:39.532,1,7.0,0.0,,4comp
POX26,2026-04-11 07:49:39.587,1,7.0,0.0,,4comp
POX26,2026-04-11 09:58:39.826,1,7.0,0.0,244.0074,4comp
POX26,2026-04-11 11:13:39.963,1,7.0,0.0,169.00511666666668,4comp
POX26,2026-04-11 12:08:40.063,1,7.0,0.0,114.00345,4comp
POX26,2026-04-11 13:13:40.181,1,7.0,0.0,49.00148333333333,4comp
POX26,2026-04-11 14:43:40.344,1,7.0,0.0,,4comp
POX26,2026-04-11 17:20:40.635,1,7.0,0.0,270.0084166666667,4comp
POX26,2026-04-11 18:05:40.719,1,7.0,0.0,225.00701666666666,4comp
POX26,2026-04-11 18:35:40.775,1,7.0,0.0,195.00608333333332,4comp
POX27,2026-02-05 12:03:43.472,1,6.0,5.975813,49.00143333333333,4comp
POX27,2026-02-06 09:36:45.767,1,6.0,5.91565,35.001099999999994,4comp
POX27,2026-02-06 11:15:45.953,1,6.0,5.634611,,4comp
POX27,2026-02-07 12:35:48.760,1,6.0,5.475686,12.000383333333334,4comp
POX27,2026-02-07 12:57:48.802,1,6.0,5.610164,29.00091666666667,4comp
POX27,2026-02-07 14:15:48.947,1,6.0,5.349165,113.00325,4comp
POX27,2026-02-14 09:33:05.743,1,6.0,5.75109,184.92405,4comp
POX27,2026-02-14 11:39:05.977,1,6.0,5.640656,58.92015,4comp
POX27,2026-02-14 11:44:05.986,1,6.0,5.924209,53.919999999999995,4comp
POX27,2026-02-14 12:08:06.030,1,6.0,5.247137,29.919266666666665,4comp
POX27,2026-02-14 12:10:06.034,1,6.0,5.411621,27.9192,4comp
POX27,2026-02-14 12:13:06.039,1,6.0,5.091791,24.919116666666664,4comp
POX27,2026-02-14 12:23:01.158,1,6.0,5.357397,15.000466666666666,4comp
POX27,2026-02-16 05:24:05.772,1,10.0,8.011825,0.0,4comp
POX27,2026-02-16 07:17:05.991,1,13.0,8.090986,15.000483333333333,4comp
POX27,2026-02-16 08:42:06.155,1,14.0,9.637932,4.000133333333333,4comp
POX27,2026-02-16 11:26:06.446,1,14.0,9.30616,,4comp
POX27,2026-02-16 23:21:07.332,1,11.0,5.676379,,4comp
POX27,2026-02-16 23:38:07.357,1,11.0,5.685629,,4comp
POX27,2026-02-17 07:40:08.264,1,6.0,4.627145,324.00879999999995,4comp
POX27,2026-02-18 09:37:10.882,1,6.0,5.951989,1.0000333333333333,4comp
POX27,2026-02-21 08:05:18.772,1,6.0,5.578881,60.001933333333334,4comp
POX27,2026-02-25 15:04:29.687,1,6.5,4.452335,264.00786666666664,4comp
POX27,2026-02-25 15:23:29.720,1,6.5,4.309717,245.00731666666667,4comp
POX27,2026-02-27 09:24:34.134,1,6.0,4.601401,121.00316666666666,4comp
POX27,2026-02-27 11:32:34.335,1,6.0,4.355962,74.00176666666667,4comp
POX27,2026-03-04 11:00:45.865,1,6.0,5.551417,192.00568333333334,4comp
POX27,2026-03-04 14:21:46.222,1,6.0,5.308174,10.000300000000001,4comp
POX27,2026-03-07 08:30:53.542,1,6.5,5.376311,25.000816666666665,4comp
POX27,2026-03-07 12:37:53.989,1,6.5,5.195839,187.00551666666667,4comp
POX27,2026-03-11 11:47:04.392,1,6.5,4.916722,,4comp
POX27,2026-03-13 15:56:10.138,1,6.5,4.12404,,4comp
POX27,2026-03-13 23:48:10.946,1,6.5,4.767543,,4comp
POX27,2026-03-22 18:31:47.889,1,6.0,5.936265,1.0000333333333333,4comp
POX27,2026-03-23 19:19:50.760,1,6.0,5.890483,125.00403333333334,4comp
POX27,2026-03-25 21:04:56.567,1,6.0,5.95663,6.000183333333334,4comp
POX27,2026-03-25 23:04:56.798,1,6.0,5.991289,2.0000666666666667,4comp
POX27,2026-03-27 09:03:00.741,1,6.0,5.765221,31.000999999999998,4comp
POX27,2026-03-27 13:55:01.270,1,6.0,5.340581,48.00145,4comp
POX27,2026-03-27 15:54:01.481,1,6.0,5.248871,144.00423333333336,4comp
POX27,2026-03-28 10:33:03.551,1,6.0,5.641608,44.00131666666667,4comp
POX27,2026-03-28 11:25:03.644,1,6.0,5.572654,39.001133333333335,4comp
POX27,2026-03-29 16:22:06.748,1,6.0,5.416516,,4comp
POX27,2026-03-29 17:13:06.828,1,6.0,5.099292,,4comp
POX27,2026-03-29 21:47:07.292,1,6.0,5.244637,167.00473333333332,4comp
POX27,2026-03-29 22:51:07.404,1,6.0,5.51686,103.00286666666666,4comp
POX27,2026-03-29 23:17:07.448,1,6.0,5.350811,77.00213333333333,4comp
POX27,2026-03-30 11:02:08.576,1,6.0,4.593046,75.002,4comp
POX27,2026-03-31 10:47:10.833,1,6.0,4.915666,161.0051,4comp
POX27,2026-03-31 11:46:10.942,1,6.0,5.014612,102.00328333333333,4comp
POX27,2026-03-31 13:10:11.105,1,6.0,5.139481,18.000566666666668,4comp
POX27,2026-03-31 22:43:12.110,1,6.0,5.955479,9.000283333333334,4comp
POX27,2026-04-01 08:28:13.247,1,6.0,5.729408,5.000166666666667,4comp
POX27,2026-04-02 15:52:16.877,1,6.0,5.218365,131.00431666666665,4comp
POX27,2026-04-02 17:01:17.014,1,6.0,5.54858,62.00203333333333,4comp
POX27,2026-04-03 08:12:18.810,1,6.0,5.456095,25.000833333333333,4comp
POX27,2026-04-03 08:49:18.884,1,6.0,5.986217,7.000249999999999,4comp
POX27,2026-04-11 15:24:42.230,1,6.5,4.283706,,4comp
POX28,2026-02-07 10:25:23.781,1,10.0,6.299866,119.00393333333334,4comp
POX28,2026-02-07 15:02:24.315,1,10.0,6.623067,49.0015,4comp
POX28,2026-02-08 01:52:25.474,1,6.0,5.896768,2.0000666666666667,4comp
POX28,2026-02-08 11:49:56.833,1,6.0,5.978264,1.0000333333333333,4comp
POX28,2026-02-11 03:45:05.122,1,6.5,6.16745,8.000283333333334,4comp
POX28,2026-02-11 04:30:05.222,1,6.5,6.174638,9.000333333333334,4comp
POX28,2026-02-11 23:32:07.730,1,6.5,6.018987,38.0014,4comp
POX28,2026-02-12 00:37:07.874,1,6.5,6.418699,3.0001166666666665,4comp
POX28,2026-02-12 02:02:08.063,1,6.5,6.263237,16.00058333333333,4comp
POX28,2026-02-12 21:08:10.554,1,6.5,6.471159,1.0000333333333333,4comp
POX28,2026-02-14 14:34:15.825,1,6.5,6.40823,12.000416666666666,4comp
POX28,2026-02-15 03:00:17.373,1,6.5,6.156971,3.0001166666666665,4comp
POX28,2026-02-16 00:20:20.149,1,16.5,7.207088,,4comp
POX28,2026-02-19 22:03:32.574,1,6.5,6.473729,17.000633333333333,4comp
POX28,2026-03-06 23:58:18.849,1,6.5,6.379347,4.000133333333333,4comp
POX28,2026-03-08 18:19:24.145,1,6.5,5.645435,49.001650000000005,4comp
POX28,2026-03-09 05:30:25.503,1,6.5,6.38712,23.000816666666665,4comp
POX28,2026-03-09 06:15:25.598,1,6.5,6.237928,15.000516666666666,4comp
POX28,2026-03-09 14:20:26.628,1,6.5,6.421445,5.000166666666667,4comp
POX28,2026-03-11 01:38:31.064,1,16.5,7.219109,0.0,4comp
POX28,2026-03-11 02:03:31.118,1,16.5,7.299772,0.0,4comp
POX28,2026-03-11 03:48:31.345,1,16.5,7.016961,0.0,4comp
POX28,2026-03-11 21:50:33.737,1,6.5,6.427564,1.0000333333333333,4comp
POX28,2026-03-13 00:11:37.216,1,6.5,6.485466,5.000183333333334,4comp
POX28,2026-03-14 09:27:41.579,1,6.5,6.451243,7.000266666666667,4comp
POX28,2026-03-14 11:37:41.871,1,6.5,6.439473,7.000249999999999,4comp
POX28,2026-03-14 16:47:42.561,1,6.5,6.418694,14.000516666666666,4comp
POX28,2026-03-14 19:17:42.892,1,6.5,6.441277,3.0001,4comp
POX28,2026-03-15 00:58:43.646,1,6.5,6.442859,12.00045,4comp
POX28,2026-03-16 05:47:47.511,1,6.5,6.466588,3.0001166666666665,4comp
POX28,2026-03-16 18:34:26.092,1,6.5,6.396602,2.0000666666666667,4comp
POX28,2026-03-17 22:09:29.812,1,6.5,6.209921,12.00045,4comp
POX28,2026-03-18 15:20:32.119,1,6.5,6.444778,6.000233333333333,4comp
POX28,2026-03-19 14:53:35.268,1,16.5,7.560096,,4comp
POX28,2026-03-21 08:42:40.748,1,6.5,6.294563,0.0,4comp
POX28,2026-03-21 09:02:40.793,1,6.5,6.435007,30.001116666666668,4comp
POX28,2026-03-24 19:04:48.041,1,6.5,6.419675,10.000366666666668,4comp
POX28,2026-03-25 18:02:51.129,1,6.5,6.214394,15.000566666666666,4comp
POX28,2026-03-26 16:06:54.089,1,6.5,5.79167,36.001333333333335,4comp
POX28,2026-03-29 11:23:03.072,1,6.5,6.452281,3.0001166666666665,4comp
POX28,2026-03-30 06:39:05.635,1,6.5,6.483638,2.0000833333333334,4comp
POX28,2026-03-30 09:09:05.968,1,6.5,6.169838,38.0014,4comp
POX28,2026-03-30 14:14:06.648,1,6.5,6.490559,1.00005,4comp
POX28,2026-03-30 15:04:06.761,1,6.5,6.453775,3.0001,4comp
POX28,2026-03-30 18:54:07.276,1,6.5,6.367253,6.000216666666666,4comp
POX28,2026-03-31 06:45:08.843,1,6.5,6.447237,2.0000833333333334,4comp
POX28,2026-03-31 19:09:55.570,1,6.5,6.382226,42.001549999999995,4comp
POX28,2026-04-01 01:01:56.354,1,6.5,6.435167,1.0000333333333333,4comp
POX28,2026-04-01 05:26:56.947,1,6.5,6.475052,13.000483333333333,4comp
POX28,2026-04-01 05:56:57.015,1,6.5,6.435878,4.000133333333333,4comp
POX28,2026-04-01 07:47:57.263,1,6.5,6.382357,13.000483333333333,4comp
POX28,2026-04-01 13:46:58.065,1,6.5,6.451567,4.00015,4comp
POX28,2026-04-02 19:58:02.102,1,6.5,6.418033,1.0000333333333333,4comp
POX28,2026-04-03 22:23:05.615,1,6.5,6.492073,4.00015,4comp
POX28,2026-04-05 04:09:09.549,1,6.5,6.36559,11.000416666666666,4comp
POX28,2026-04-07 17:50:17.574,1,6.5,6.292387,4.00015,4comp
POX28,2026-04-09 02:31:21.862,1,6.5,6.379961,183.00675,4comp
POX28,2026-04-14 09:41:38.887,1,6.5,6.250032,11.000416666666666,4comp
POX28,2026-04-15 15:32:42.915,1,6.5,6.307497,27.000983333333334,4comp
POX28,2026-04-23 14:26:08.638,1,16.5,7.351581,0.0,4comp
POX28,2026-04-23 15:07:49.860,1,16.5,7.272565,0.0,4comp
POX28,2026-04-23 16:03:49.984,1,16.5,7.62112,0.0,4comp
POX28,2026-04-24 05:42:51.814,1,16.5,7.10062,0.0,4comp
POX28,2026-04-24 06:52:51.972,1,16.5,7.053967,0.0,4comp
POX28,2026-04-24 09:17:52.299,1,16.5,7.322145,0.0,4comp
POX28,2026-04-26 14:29:59.451,1,6.5,6.483333,1.00005,4comp
POX28,2026-04-28 14:37:17.062,1,6.5,6.300066,12.00045,4comp
POX28,2026-04-30 07:33:22.581,1,6.5,6.292701,1.0000333333333333,4comp
POX28,2026-05-05 06:55:38.713,1,6.5,6.385144,3.0001166666666665,4comp
POX28,2026-05-06 06:11:41.803,1,6.5,6.488249,12.00045,4comp
POX28,2026-05-06 06:36:41.859,1,6.5,6.408628,99.00371666666666,4comp
POX28,2026-05-06 08:41:42.141,1,6.5,6.382458,2.0000666666666667,4comp
POX28,2026-05-06 16:40:43.215,1,6.5,6.399544,7.000266666666667,4comp
POX28,2026-05-07 11:55:45.815,1,6.5,6.321592,13.000499999999999,4comp
POX28,2026-05-07 15:50:46.344,1,6.5,6.341841,51.001916666666666,4comp
POX28,2026-05-09 08:47:51.880,1,16.5,7.132549,0.0,4comp
POX28,2026-05-11 13:48:59.054,1,6.5,6.35768,10.000366666666668,4comp
POX28,2026-05-11 16:23:59.402,1,6.5,6.453731,14.000516666666666,4comp
POX28,2026-05-12 23:25:03.588,1,6.5,6.219762,2.0000666666666667,4comp
POX28,2026-05-13 11:51:05.263,1,6.5,5.820895,103.00383333333333,4comp
POX28,2026-05-18 16:28:22.047,1,6.5,6.217998,58.00213333333333,4comp
POX28,2026-05-19 11:09:24.548,1,6.5,5.290293,123.0046,4comp
POX28,2026-05-20 19:40:28.803,1,6.5,6.442725,2.0000666666666667,4comp
POX28,2026-05-23 22:27:38.733,1,6.5,6.354625,59.002233333333336,4comp
POX29,2026-02-01 00:00:11.239,1,6.5,6.403371,18.000283333333336,4comp
POX29,2026-02-02 07:20:13.438,1,6.5,6.344826,6.000133333333333,4comp
POX29,2026-02-03 18:11:16.015,1,16.5,7.157235,0.0,4comp
POX29,2026-02-04 00:36:16.464,1,16.5,8.040387,,4comp
POX29,2026-02-07 18:16:23.444,1,16.5,7.057391,,4comp
POX29,2026-02-07 20:26:23.532,1,16.5,6.099096,,4comp
POX29,2026-02-08 09:11:24.376,1,16.5,5.738195,,4comp
POX29,2026-02-10 18:36:28.918,1,16.5,7.94113,0.0,4comp
POX29,2026-02-10 19:01:28.954,1,16.5,7.649321,0.0,4comp
POX29,2026-02-10 19:56:29.036,1,16.5,7.409315,0.0,4comp
POX29,2026-02-10 21:16:29.156,1,16.5,7.512484,,4comp
POX29,2026-02-12 11:32:32.498,1,16.5,6.927244,,4comp
POX29,2026-02-17 09:02:41.583,1,6.5,5.956326,117.0027,4comp
POX29,2026-02-17 15:52:42.154,1,16.5,6.758037,0.0,4comp
POX29,2026-02-18 19:13:44.435,1,16.5,7.078023,0.0,4comp
POX29,2026-02-19 20:09:46.432,1,16.5,6.884051,0.0,4comp
POX29,2026-02-20 00:10:46.753,1,16.5,6.929302,,4comp
POX29,2026-03-01 06:56:02.649,1,6.5,6.364971,21.000516666666666,4comp
POX29,2026-03-06 15:58:13.556,1,6.5,6.484174,1.0000166666666666,4comp
POX29,2026-03-09 20:01:19.136,1,6.5,6.40551,13.000283333333334,4comp
POX29,2026-03-15 19:49:30.352,1,16.5,6.326016,32.00076666666667,4comp
POX29,2026-03-18 16:11:36.453,1,6.5,0.0,51.001216666666664,4comp
POX29,2026-03-28 19:58:30.611,1,16.5,7.161165,,4comp
POX29,2026-04-03 19:28:41.752,1,16.5,7.728941,0.0,4comp
POX29,2026-04-04 18:58:43.803,1,6.5,6.025009,27.000533333333333,4comp
POX29,2026-04-07 11:46:49.249,1,16.5,6.958876,,4comp
POX29,2026-04-08 11:01:51.222,1,16.5,6.953584,,4comp
POX29,2026-04-21 16:35:18.924,1,6.5,6.064276,48.001200000000004,4comp
POX29,2026-04-27 09:20:31.289,1,16.5,5.915259,,4comp
POX29,2026-04-28 09:25:33.403,1,16.5,5.509666,,4comp
POX29,2026-04-30 17:07:38.430,1,16.5,7.090917,9.000233333333334,4comp
POX29,2026-04-30 17:52:38.499,1,16.5,6.997398,0.0,4comp
POX29,2026-05-01 06:08:39.622,1,16.5,7.258683,0.0,4comp
POX29,2026-05-01 06:38:39.668,1,16.5,7.031316,0.0,4comp
POX29,2026-05-02 11:41:42.328,1,16.5,6.069522,,4comp
POX29,2026-05-12 09:56:04.030,1,6.5,0.0,,4comp
POX29,2026-05-12 16:07:04.587,1,6.5,0.0,,4comp
POX29,2026-05-12 16:55:04.655,1,6.5,0.0,,4comp
POX29,2026-05-12 17:18:04.687,1,6.5,0.0,,4comp
POX29,2026-05-12 18:15:04.768,1,6.5,0.0,,4comp
POX30,2026-02-07 07:18:05.987,1,6.0,5.789243,48.001216666666664,4comp
POX30,2026-02-08 01:23:40.032,1,6.5,6.117019,0.0,4comp
POX30,2026-02-23 03:42:28.206,1,6.5,6.195456,36.0008,4comp
POX30,2026-02-23 05:42:28.370,1,6.5,6.282753,3.0000666666666667,4comp
POX30,2026-02-23 09:12:28.667,1,6.5,6.208709,62.00146666666667,4comp
POX30,2026-03-20 17:48:53.578,1,7.0,6.442265,105.00261666666667,4comp
POX30,2026-03-31 12:28:21.803,1,6.5,6.479957,1.0000333333333333,4comp
POX30,2026-04-04 06:15:23.013,1,6.5,6.431893,0.0,4comp
POX30,2026-04-10 07:43:22.486,1,6.5,6.486241,9.000233333333334,4comp
POX30,2026-04-10 09:29:22.658,1,6.5,6.413043,145.00390000000002,4comp
POX30,2026-04-11 19:13:25.922,1,16.5,7.443951,,4comp
POX30,2026-04-16 14:34:36.561,1,6.5,6.474895,1.0000333333333333,4comp
POX30,2026-04-17 06:16:38.095,1,16.5,7.875464,0.0,4comp
POX30,2026-04-17 06:33:38.123,1,16.5,7.871733,0.0,4comp
POX30,2026-05-19 09:31:54.936,1,17.0,8.323219,7.000183333333334,4comp
POX30,2026-05-19 09:48:54.964,1,17.0,8.323219,113.00315,4comp
POX30,2026-05-19 11:50:55.168,1,17.0,8.323219,233.00618333333333,4comp
POX30,2026-05-21 23:11:00.001,1,7.0,6.578981,,4comp
POX31,2026-02-02 10:09:19.050,1,6.0,5.978537,5.0002,4comp
POX31,2026-02-02 15:35:19.781,1,6.0,5.989783,1.0000333333333333,4comp
POX31,2026-02-03 08:13:21.981,1,6.0,5.733156,259.0097166666667,4comp
POX31,2026-03-19 23:42:15.475,1,5.0,4.962039,52.002050000000004,4comp
POX31,2026-03-20 01:57:15.792,1,5.0,4.941017,42.001650000000005,4comp
POX31,2026-03-25 01:02:24.876,1,5.0,4.385429,60.002383333333334,4comp
POX31,2026-03-25 02:42:25.113,1,5.0,3.733288,28.001116666666668,4comp
POX31,2026-03-25 03:57:25.290,1,5.0,4.39724,5.0002,4comp
POX31,2026-03-25 04:57:25.432,1,5.0,3.761603,96.0038,4comp
POX31,2026-03-25 06:47:25.693,1,5.0,4.566707,74.0029,4comp
POX31,2026-04-07 09:45:05.435,1,12.0,5.294997,0.0,4comp
POX31,2026-04-07 10:34:05.552,1,12.0,5.272692,,4comp
POX31,2026-05-05 23:12:43.110,1,12.0,5.057622,0.0,4comp
POX31,2026-05-06 00:07:43.241,1,12.0,5.061685,0.0,4comp
POX31,2026-05-06 00:32:43.301,1,12.0,5.028532,0.0,4comp
POX31,2026-05-06 00:52:43.349,1,12.0,5.219262,,4comp
POX31,2026-05-10 10:10:58.357,1,5.0,4.708417,231.0091833333333,4comp
POX31,2026-05-10 12:49:58.737,1,5.0,4.376236,72.00285000000001,4comp
POX31,2026-05-11 01:56:00.609,1,5.0,4.995901,1.00005,4comp
POX31,2026-05-15 09:39:15.374,1,8.0,6.83638,8.000316666666667,4comp
POX31,2026-05-15 10:19:15.469,1,8.0,6.667583,8.000333333333334,4comp
POX31,2026-05-15 11:13:15.598,1,8.0,7.209022,23.249366666666667,4comp
POX32,2026-02-01 04:48:19.074,1,16.5,7.901405,0.0,4comp
POX32,2026-02-12 17:12:45.713,1,6.5,6.382445,9.000233333333334,4comp
POX32,2026-02-12 17:57:45.786,1,6.5,6.394483,19.000516666666666,4comp
POX32,2026-02-13 05:35:46.977,1,6.5,6.124405,45.00131666666667,4comp
POX32,2026-02-15 01:00:51.191,1,6.5,6.471653,1.0000333333333333,4comp
POX32,2026-02-15 07:52:51.904,1,6.5,6.156507,17.0005,4comp
POX32,2026-02-15 08:59:52.021,1,6.5,6.349522,2.00005,4comp
POX32,2026-02-15 20:22:53.138,1,6.5,6.420261,1.0000333333333333,4comp
POX32,2026-02-15 21:07:53.214,1,6.5,6.167221,10.000283333333334,4comp
POX32,2026-02-16 01:07:53.620,1,6.5,6.433585,42.001216666666664,4comp
POX32,2026-02-16 06:45:54.210,1,6.5,5.94559,6.000166666666667,4comp
POX32,2026-02-16 09:30:54.501,1,6.5,6.272829,18.000516666666666,4comp
POX32,2026-02-16 10:07:54.566,1,6.5,6.140446,11.000316666666667,4comp
POX32,2026-02-16 10:45:54.633,1,6.5,6.203106,11.000316666666667,4comp
POX32,2026-02-16 12:52:54.856,1,6.5,6.366537,4.000116666666667,4comp
POX32,2026-02-16 17:37:55.357,1,6.5,6.394893,11.000316666666667,4comp
POX32,2026-02-16 22:00:55.814,1,6.5,6.416925,3.0000833333333334,4comp
POX32,2026-02-17 04:23:56.480,1,6.5,6.207329,15.000433333333332,4comp
POX32,2026-02-17 16:00:57.659,1,6.5,6.136226,7.000183333333334,4comp
POX32,2026-02-17 17:15:57.777,1,6.5,6.426756,5.000133333333333,4comp
POX32,2026-02-18 07:08:59.159,1,6.5,6.369732,23.00065,4comp
POX32,2026-02-18 18:17:00.282,1,6.5,6.067871,18.000466666666668,4comp
POX32,2026-02-21 06:58:06.293,1,6.5,6.435859,4.0001,4comp
POX32,2026-02-22 08:08:08.651,1,6.0,5.90688,26.000733333333336,4comp
POX32,2026-02-23 05:16:10.720,1,6.0,5.98046,46.00131666666667,4comp
POX32,2026-03-03 05:04:29.993,1,6.0,5.996774,1.0000333333333333,4comp
POX32,2026-03-03 13:12:30.857,1,6.0,5.982703,1.0000333333333333,4comp
POX32,2026-03-03 17:20:31.272,1,6.0,5.931701,29.0008,4comp
POX32,2026-03-04 04:05:32.390,1,6.0,5.923208,8.00025,4comp
POX32,2026-03-04 04:50:32.470,1,6.0,5.911823,10.000300000000001,4comp
POX32,2026-03-04 05:35:32.550,1,6.0,5.837351,15.00045,4comp
POX32,2026-03-04 13:28:33.373,1,6.0,5.897326,27.00075,4comp
POX32,2026-03-04 18:35:33.874,1,6.0,5.989696,4.000116666666667,4comp
POX32,2026-03-05 14:51:35.998,1,6.0,5.765852,19.000533333333333,4comp
POX32,2026-03-09 10:40:45.387,1,6.0,5.877126,26.00075,4comp
POX32,2026-03-09 14:10:45.745,1,6.0,5.76172,5.0001500000000005,4comp
POX32,2026-03-09 18:17:46.160,1,6.0,5.690719,12.000333333333334,4comp
POX32,2026-03-10 23:25:49.034,1,6.0,5.856973,7.000183333333334,4comp
POX32,2026-03-11 03:10:49.410,1,6.0,5.874125,14.000383333333334,4comp
POX32,2026-03-11 17:03:50.843,1,6.0,5.949259,5.000133333333333,4comp
POX32,2026-03-11 17:41:50.906,1,6.0,5.908323,11.000300000000001,4comp
POX32,2026-03-11 19:41:51.101,1,6.0,5.997878,2.00005,4comp
POX32,2026-03-12 04:34:52.012,1,6.0,5.857336,4.000116666666667,4comp
POX32,2026-03-12 06:11:52.181,1,6.0,5.971337,12.00035,4comp
POX32,2026-03-13 05:27:54.516,1,6.0,5.790016,27.000783333333334,4comp
POX32,2026-03-13 07:34:54.737,1,6.0,5.928412,12.00035,4comp
POX32,2026-03-17 10:53:05.169,1,6.0,5.971197,2.00005,4comp
POX32,2026-03-17 16:08:05.721,1,6.0,5.880388,8.000233333333334,4comp
POX32,2026-03-23 21:49:11.193,1,6.0,5.869834,8.000233333333334,4comp
POX32,2026-03-23 23:26:11.365,1,6.0,5.668183,4.000116666666667,4comp
POX32,2026-03-24 04:19:11.886,1,6.0,5.73809,4.000116666666667,4comp
POX33,2026-03-02 15:08:41.542,1,5.0,0.0,,4comp
POX33,2026-03-04 09:55:20.591,1,5.0,0.0,314.36154999999997,4comp
POX33,2026-03-04 11:23:20.765,1,5.0,0.0,226.35865,4comp
POX33,2026-03-05 19:39:45.623,1,5.5,4.812118,28.0009,4comp
POX33,2026-03-07 05:11:48.552,1,5.5,5.256131,21.00065,4comp
POX33,2026-03-07 18:34:50.053,1,6.0,5.820897,9.000266666666667,4comp
POX33,2026-03-23 15:27:12.691,1,6.0,5.813022,4.000133333333333,4comp
POX33,2026-03-26 11:51:20.928,1,6.0,5.861499,1586.3197,4comp
POX33,2026-04-06 12:58:08.509,1,11.0,8.256454,0.0,4comp
POX33,2026-04-06 15:59:08.857,1,11.0,7.285117,,4comp
POX33,2026-04-12 09:35:36.924,1,6.0,5.812983,11.000366666666668,4comp
POX33,2026-04-13 16:36:40.639,1,6.0,5.901257,2.0000666666666667,4comp
POX33,2026-04-13 18:06:40.819,1,6.0,5.983533,4.000116666666667,4comp
POX33,2026-04-14 10:59:42.848,1,6.0,5.998277,4.000133333333333,4comp
POX33,2026-04-20 09:10:59.854,1,6.0,5.876546,19.000633333333333,4comp
POX33,2026-04-24 18:38:08.668,1,6.0,5.691622,22.000733333333336,4comp
POX33,2026-04-25 09:31:10.428,1,6.0,5.968256,105.00346666666665,4comp
POX33,2026-04-26 08:08:13.105,1,6.0,5.92797,3.0000833333333334,4comp
POX33,2026-04-27 23:51:17.813,1,6.0,5.845747,7.000216666666666,4comp
POX33,2026-05-01 17:19:28.528,1,6.0,5.918779,3.0001,4comp
POX33,2026-05-12 21:59:00.703,1,5.0,4.299557,85.00264999999999,4comp
POX33,2026-05-16 18:26:11.431,1,6.0,5.026951,227.00758333333334,4comp
POX33,2026-05-17 15:57:14.022,1,6.0,5.046639,,4comp
POX33,2026-05-17 17:39:14.225,1,6.0,4.701369,,4comp
POX33,2026-05-21 11:08:24.559,1,6.0,5.398305,14.00045,4comp
POX33,2026-05-22 13:37:27.575,1,6.0,5.394147,179.00576666666666,4comp
POX34,2026-03-04 12:40:59.843,1,6.0,5.964456,3.0000833333333334,4comp
POX34,2026-03-04 14:28:00.034,1,6.0,5.995211,1.0000333333333333,4comp
POX34,2026-03-20 03:11:37.215,1,6.0,5.949578,123.00375000000001,4comp
POX34,2026-03-20 23:26:39.308,1,6.0,5.791698,7.000216666666666,4comp
POX34,2026-04-06 19:01:36.753,1,10.5,8.158192,229.00705000000002,4comp
POX34,2026-04-07 09:46:38.405,1,10.5,8.825973,0.0,4comp
POX34,2026-04-07 11:26:38.593,1,10.5,8.762928,325.01005,4comp
POX34,2026-04-11 10:20:49.117,1,5.0,0.0,,4comp
POX34,2026-04-11 22:45:50.467,1,5.0,0.0,,4comp
POX34,2026-04-12 01:10:50.738,1,5.0,0.0,,4comp
POX34,2026-04-12 03:15:50.971,1,5.0,0.0,,4comp
POX34,2026-04-12 05:15:51.195,1,5.0,0.0,,4comp
POX34,2026-04-12 07:00:51.391,1,5.0,0.0,,4comp
POX34,2026-04-12 08:45:51.588,1,5.0,0.0,,4comp
POX34,2026-04-12 09:31:51.674,1,5.0,0.0,,4comp
POX34,2026-04-12 23:19:53.193,1,5.0,0.0,,4comp
POX34,2026-04-13 01:34:53.448,1,5.0,0.0,,4comp
POX34,2026-04-13 03:34:53.675,1,5.0,0.0,,4comp
POX34,2026-04-13 05:19:53.874,1,5.0,0.0,,4comp
POX34,2026-04-13 07:04:54.073,1,5.0,0.0,,4comp
POX34,2026-04-13 11:24:54.565,1,5.0,0.0,,4comp
POX34,2026-04-13 22:25:55.774,1,5.0,0.0,,4comp
POX34,2026-04-14 00:50:56.038,1,5.0,0.0,,4comp
POX34,2026-04-14 03:00:56.279,1,5.0,0.0,,4comp
POX34,2026-04-14 05:00:56.504,1,5.0,0.0,,4comp
POX34,2026-04-14 06:50:56.708,1,5.0,0.0,,4comp
POX34,2026-04-14 08:45:56.924,1,5.0,0.0,,4comp
POX34,2026-05-04 22:52:47.142,1,5.0,0.0,0.0,4comp
POX34,2026-05-05 01:07:47.397,1,5.0,0.0,,4comp
POX35,2026-05-05 07:11:58.562,1,5.5,5.391468,1.0000333333333333,4comp
POX35,2026-05-14 18:10:26.057,1,5.5,5.450449,8.000266666666667,4comp
POX35,2026-05-16 18:10:31.978,1,5.5,5.302235,14.000466666666666,4comp
POX41,2026-02-01 08:34:50.294,1,5.0,4.847921,2.000033333333333,4comp
POX41,2026-02-01 13:58:50.672,1,5.0,4.850961,10.000183333333332,4comp
POX41,2026-02-01 18:51:50.959,1,5.0,4.937902,37.00056666666667,4comp
POX41,2026-02-01 20:21:51.048,1,5.0,4.87852,21.00035,4comp
POX41,2026-02-02 08:42:51.937,1,5.0,4.958966,1.0000166666666666,4comp
POX41,2026-02-02 09:25:51.999,1,5.0,4.931165,4.0001,4comp
POX41,2026-02-02 10:32:52.099,1,5.0,4.776329,20.00048333333333,4comp
POX41,2026-02-02 13:12:52.333,1,5.0,4.320459,6.000133333333333,4comp
POX41,2026-02-02 13:42:52.375,1,5.0,4.777413,3.0000666666666667,4comp
POX41,2026-02-02 14:36:52.449,1,5.0,4.736425,6.000133333333333,4comp
POX41,2026-02-02 21:43:53.002,1,5.0,4.72486,18.000433333333334,4comp
POX41,2026-02-03 01:53:53.359,1,5.0,4.902903,5.000116666666667,4comp
POX41,2026-02-03 02:40:53.422,1,5.0,4.955424,1.0000333333333333,4comp
POX41,2026-02-03 04:40:53.592,1,5.0,4.771515,5.000116666666667,4comp
POX41,2026-02-03 12:47:54.314,1,5.0,4.716747,2.00005,4comp
POX41,2026-02-03 19:57:54.926,1,5.0,4.898241,73.00183333333332,4comp
POX41,2026-02-03 21:21:55.053,1,5.0,4.846357,9.000216666666667,4comp
POX41,2026-02-04 01:07:55.386,1,5.0,4.812608,19.000466666666668,4comp
POX41,2026-02-04 15:21:56.653,1,5.0,4.846355,1.0000166666666666,4comp
POX41,2026-02-04 15:45:56.686,1,5.0,4.745415,20.00045,4comp
POX41,2026-02-04 18:32:56.910,1,5.0,4.851729,4.000083333333333,4comp
POX41,2026-02-05 00:45:57.446,1,5.0,4.690599,5.000116666666667,4comp
POX41,2026-02-05 06:25:57.985,1,5.0,4.280349,33.00091666666667,4comp
POX41,2026-02-06 17:05:01.155,1,5.0,4.9562,1.0000166666666666,4comp
POX41,2026-02-06 17:21:01.175,1,5.0,4.985219,9.000183333333332,4comp
POX41,2026-02-07 08:02:02.475,1,5.0,4.623433,18.0005,4comp
POX41,2026-02-07 10:46:02.727,1,5.0,4.905655,37.00085,4comp
POX41,2026-02-08 16:14:05.235,1,5.0,4.698894,8.000166666666667,4comp
POX41,2026-02-08 17:31:05.329,1,5.0,4.909444,6.000116666666667,4comp
POX41,2026-02-08 19:34:05.491,1,5.0,4.790837,2.00005,4comp
POX41,2026-02-10 21:53:09.994,1,5.0,4.74847,13.000366666666668,4comp
POX41,2026-02-10 23:47:10.183,1,5.0,4.884785,48.001333333333335,4comp
POX41,2026-02-11 05:17:10.736,1,5.0,4.82585,28.0008,4comp
POX41,2026-02-11 22:54:12.498,1,5.0,4.969626,2.0000666666666667,4comp
POX41,2026-02-14 19:51:18.896,1,5.0,4.975903,13.000316666666667,4comp
POX41,2026-02-15 01:48:19.443,1,5.0,4.911198,3.0000833333333334,4comp
POX41,2026-02-16 18:50:23.018,1,5.0,4.898026,18.00023333333333,4comp
POX41,2026-02-17 06:14:23.849,1,5.0,4.933752,19.00045,4comp
POX41,2026-02-20 20:39:31.297,1,5.0,4.910374,15.000316666666667,4comp
POX41,2026-02-22 00:00:33.481,1,5.0,4.849416,6.0001500000000005,4comp
POX41,2026-02-25 17:58:41.087,1,5.0,4.880843,11.000216666666667,4comp
POX41,2026-02-26 09:19:42.386,1,5.0,4.782071,15.0004,4comp
POX41,2026-02-26 11:29:42.584,1,5.0,4.700401,21.0005,4comp
POX41,2026-02-26 23:09:43.388,1,5.0,4.909734,1.0000166666666666,4comp
POX41,2026-02-28 12:35:46.313,1,5.0,4.854602,13.000283333333334,4comp
POX41,2026-03-06 23:57:00.567,1,5.5,5.406976,3.0000666666666667,4comp
POX41,2026-03-08 06:36:03.303,1,5.5,5.49357,1.0000166666666666,4comp
POX41,2026-03-11 13:36:09.933,1,10.0,5.889398,0.0,4comp
POX41,2026-03-11 15:40:10.095,1,10.0,5.44765,0.0,4comp
POX41,2026-03-19 13:50:28.529,1,5.0,4.829322,6.000166666666667,4comp
POX41,2026-03-23 01:05:59.357,1,5.0,4.725212,98.00264999999999,4comp
POX41,2026-03-23 11:37:00.375,1,5.0,4.602716,9.00025,4comp
POX41,2026-03-23 12:01:00.414,1,5.0,4.552392,38.00101666666667,4comp
POX41,2026-03-24 00:22:01.660,1,5.0,4.91902,12.00035,4comp
POX41,2026-03-24 02:19:01.862,1,10.0,5.368115,0.0,4comp
POX41,2026-03-24 03:02:01.935,1,10.0,5.09896,0.0,4comp
POX41,2026-03-24 03:56:02.029,1,10.0,5.129616,,4comp
POX41,2026-03-31 21:02:19.738,1,5.0,4.97833,23.000566666666668,4comp
POX41,2026-04-01 23:30:22.331,1,5.0,4.821696,27.000766666666667,4comp
POX41,2026-04-02 19:44:24.313,1,5.0,4.890718,18.000433333333334,4comp
POX41,2026-04-03 13:18:25.978,1,5.0,4.731807,73.00189999999999,4comp
POX41,2026-04-03 23:12:26.954,1,5.0,4.897401,10.000300000000001,4comp
POX41,2026-04-05 11:33:30.487,1,5.0,4.812775,6.0001500000000005,4comp
POX41,2026-04-05 11:55:30.520,1,5.0,4.771269,147.00346666666667,4comp
POX41,2026-04-05 14:37:30.749,1,5.0,4.719244,3.0000666666666667,4comp
POX41,2026-04-05 14:51:30.767,1,5.0,4.756939,29.000616666666666,4comp
POX41,2026-04-05 15:34:30.822,1,5.0,4.848407,8.00015,4comp
POX41,2026-04-05 20:24:31.234,1,5.0,4.98846,2.00005,4comp
POX41,2026-04-06 02:44:31.850,1,5.0,4.927812,2.0000666666666667,4comp
POX41,2026-04-06 03:04:31.885,1,5.0,4.984962,5.0001500000000005,4comp
POX41,2026-04-06 04:08:31.995,1,5.0,4.953065,2.00005,4comp
POX41,2026-04-06 08:31:32.452,1,10.0,4.84495,14.0004,4comp
POX41,2026-04-06 09:38:32.565,1,10.0,5.661197,244.00685000000001,4comp
POX41,2026-04-07 00:19:33.928,1,5.0,4.985194,5.0001500000000005,4comp
POX41,2026-04-07 03:05:34.216,1,5.0,4.793882,14.000416666666666,4comp
POX41,2026-04-07 11:36:35.104,1,5.0,4.982061,3.0001,4comp
POX41,2026-04-12 05:48:46.069,1,5.0,4.952165,6.000166666666667,4comp
POX41,2026-04-14 17:07:51.830,1,10.0,5.706072,,4comp
POX41,2026-04-15 00:34:52.551,1,10.0,5.527935,,4comp
POX41,2026-04-22 12:48:10.408,1,4.7,4.689446,5.000133333333333,4comp
POX41,2026-04-22 17:43:10.876,1,5.0,4.943322,0.0,4comp
POX41,2026-04-23 12:29:12.715,1,5.0,4.919566,0.0,4comp
POX41,2026-04-24 00:24:13.837,1,5.0,4.902495,45.00118333333333,4comp
POX41,2026-04-24 13:38:15.107,1,5.0,4.88813,0.0,4comp
POX41,2026-04-24 15:30:15.288,1,5.0,4.903403,5.000116666666667,4comp
POX41,2026-04-25 20:09:18.288,1,5.0,4.906268,2.0000666666666667,4comp
POX41,2026-04-27 20:00:23.315,1,4.7,4.695307,10.000283333333334,4comp
POX41,2026-04-28 07:26:24.487,1,4.7,4.660104,19.000516666666666,4comp
POX41,2026-04-28 09:26:24.683,1,4.7,4.665494,8.000233333333334,4comp
POX41,2026-04-28 10:06:24.749,1,4.7,4.640161,7.0002,4comp
POX41,2026-04-28 20:41:25.795,1,4.7,4.681702,31.000883333333334,4comp
POX41,2026-04-28 23:36:26.093,1,5.0,4.59844,10.000300000000001,4comp
POX41,2026-05-01 22:19:33.316,1,4.7,4.687948,3.0000833333333334,4comp
POX41,2026-05-04 21:21:40.719,1,5.0,4.681538,5.000133333333333,4comp
POX41,2026-05-09 13:17:52.186,1,5.0,4.429506,16.00048333333333,4comp
POX41,2026-05-09 13:42:52.231,1,5.0,4.587282,201.00574999999998,4comp
POX41,2026-05-09 18:05:52.679,1,5.0,4.81631,2.00005,4comp
POX41,2026-05-09 18:37:52.732,1,5.0,4.628522,73.002,4comp
POX41,2026-05-10 12:35:54.687,1,5.0,4.616343,68.00205,4comp
POX41,2026-05-10 16:51:55.127,1,5.0,4.296649,62.001666666666665,4comp
POX41,2026-05-10 23:20:55.793,1,5.0,4.904718,17.000516666666666,4comp
POX41,2026-05-11 17:19:57.721,1,5.0,4.507562,238.00675,4comp
POX41,2026-05-13 19:27:02.894,1,5.0,4.946853,6.000166666666667,4comp
POX41,2026-05-15 18:44:07.981,1,5.0,4.897537,7.0002,4comp
POX41,2026-05-16 19:50:10.713,1,4.7,4.688496,2.00005,4comp
POX41,2026-05-16 23:00:11.064,1,4.7,4.523665,22.00068333333333,4comp
POX41,2026-05-17 01:20:11.325,1,4.7,4.625126,1.0000333333333333,4comp
POX43,2026-03-06 14:05:52.781,1,5.0,0.0,0.0,4comp
POX43,2026-03-06 14:17:52.805,1,5.0,0.0,0.0,4comp
POX43,2026-03-06 14:29:52.829,1,5.0,0.0,0.0,4comp
POX43,2026-03-12 17:17:33.276,1,6.5,6.286096,0.0,4comp
POX43,2026-03-12 17:42:33.316,1,6.5,6.35742,8.0002,4comp
POX43,2026-03-13 20:32:05.636,1,6.5,6.418691,,4comp
POX43,2026-03-14 14:05:07.485,1,6.5,5.652899,,4comp
POX43,2026-03-14 15:14:07.622,1,6.5,5.302162,,4comp
POX43,2026-03-15 09:27:09.763,1,6.5,6.452751,11.000366666666668,4comp
POX43,2026-03-15 14:52:10.316,1,6.5,4.999043,210.0061,4comp
POX43,2026-03-15 15:43:10.406,1,6.5,4.805024,159.0046,4comp
POX43,2026-03-15 17:01:10.541,1,6.0,5.596713,81.00234999999999,4comp
POX43,2026-03-15 18:20:10.679,1,6.0,5.847616,2.00005,4comp
POX43,2026-03-16 00:13:11.264,1,6.0,5.902729,164.00501666666665,4comp
POX43,2026-03-16 06:21:11.957,1,6.0,5.764954,53.00173333333333,4comp
POX43,2026-03-16 07:42:12.116,1,6.0,5.696211,135.0045,4comp
POX43,2026-03-16 09:28:12.328,1,6.0,5.572435,29.000966666666667,4comp
POX43,2026-03-16 19:11:13.475,1,6.0,4.972216,134.00413333333333,4comp
POX43,2026-03-16 20:40:13.641,1,6.0,5.403512,45.00136666666666,4comp
POX43,2026-03-16 20:56:13.670,1,6.0,5.735251,29.000883333333334,4comp
POX43,2026-03-16 21:13:13.701,1,6.0,5.844965,12.000366666666668,4comp
POX43,2026-03-17 09:07:15.036,1,6.0,5.635374,56.00175,4comp
POX43,2026-03-18 01:57:16.821,1,6.0,5.733341,289.0093166666667,4comp
POX43,2026-03-18 02:35:16.891,1,6.0,5.70541,251.00815,4comp
POX43,2026-03-18 03:28:16.992,1,6.0,5.584967,198.00646666666668,4comp
POX43,2026-03-18 03:43:17.021,1,6.0,5.731137,183.00598333333335,4comp
POX43,2026-03-18 07:48:17.503,1,6.0,5.691782,115.00383333333333,4comp
POX43,2026-03-18 13:53:18.233,1,6.0,5.824458,13.000433333333332,4comp
POX43,2026-03-18 21:11:30.217,1,6.0,5.839638,26.000833333333333,4comp
POX43,2026-03-19 10:05:31.616,1,6.0,5.934453,26.000816666666665,4comp
POX43,2026-03-19 13:39:31.995,1,6.0,5.865643,6.000183333333334,4comp
POX43,2026-03-19 13:59:32.034,1,6.0,5.55297,58.00183333333334,4comp
POX43,2026-03-19 14:14:32.063,1,6.0,5.588008,43.00135,4comp
POX43,2026-03-19 14:44:32.120,1,6.0,5.676452,13.0004,4comp
POX43,2026-03-19 14:54:32.139,1,6.0,5.48878,3.0000833333333334,4comp
POX43,2026-03-19 15:17:32.181,1,6.0,5.511203,3.0000833333333334,4comp
POX43,2026-03-19 15:46:32.233,1,6.0,5.441545,50.00146666666667,4comp
POX43,2026-03-20 08:55:33.967,1,10.0,5.948559,266.0075166666667,4comp
POX43,2026-03-20 09:45:34.052,1,10.0,5.650523,216.0061,4comp
POX43,2026-03-20 09:55:34.069,1,10.0,5.852186,206.00581666666668,4comp
POX43,2026-03-24 20:41:05.571,1,6.0,5.338598,0.0,4comp
POX43,2026-03-24 21:26:05.654,1,6.0,5.409272,17.000533333333333,4comp
POX43,2026-03-25 16:06:02.439,1,6.0,5.486934,,4comp
POX43,2026-03-26 14:54:04.913,1,10.0,4.872142,191.0055833333333,4comp
POX43,2026-03-26 23:59:05.874,1,5.0,4.958639,3.0001,4comp
POX43,2026-03-27 00:39:05.947,1,5.0,4.798278,47.001416666666664,4comp
POX43,2026-03-27 05:43:06.508,1,5.0,4.990635,3.0001,4comp
POX43,2026-03-27 10:09:07.012,1,6.0,5.601501,0.0,4comp
POX43,2026-03-27 10:59:07.106,1,6.0,5.928021,,4comp
POX43,2026-03-27 17:42:07.813,1,6.0,5.044636,126.00345,4comp
POX43,2026-03-28 17:13:10.326,1,6.0,5.716086,13.000416666666666,4comp
POX43,2026-03-29 03:12:11.465,1,6.0,5.99788,2.0000666666666667,4comp
POX43,2026-03-30 01:34:13.783,1,6.0,5.961952,1.0000166666666666,4comp
POX43,2026-03-30 19:50:15.512,1,6.0,5.037403,0.0,4comp
POX43,2026-04-01 15:16:19.984,1,5.5,5.473664,13.000383333333334,4comp
POX43,2026-04-01 15:53:20.049,1,5.5,5.366409,16.000466666666668,4comp
POX43,2026-04-01 17:06:20.177,1,5.5,5.488522,1.0000333333333333,4comp
POX43,2026-04-02 18:54:22.911,1,6.0,5.806274,0.0,4comp
POX43,2026-04-02 21:47:23.226,1,6.0,5.981867,3.0001,4comp
POX43,2026-04-03 16:38:25.265,1,6.0,5.467446,2.0000666666666667,4comp
POX43,2026-04-04 19:16:28.205,1,6.0,5.725288,31.00091666666667,4comp
POX43,2026-04-12 01:59:48.282,1,6.0,5.808931,10.000300000000001,4comp
POX43,2026-04-12 03:26:48.436,1,6.0,5.182494,4.000116666666667,4comp
POX43,2026-04-14 00:35:53.652,1,6.0,5.945909,13.00045,4comp
POX43,2026-04-14 01:48:53.802,1,6.0,5.865381,16.00055,4comp
POX43,2026-04-16 14:49:00.615,1,5.0,4.996411,2.0000666666666667,4comp
POX43,2026-04-17 13:02:03.215,1,7.0,5.637464,117.00385,4comp
POX43,2026-04-17 15:16:03.481,1,5.5,5.221005,24.000816666666665,4comp
POX43,2026-04-18 02:18:04.770,1,5.5,5.462406,1.0000333333333333,4comp
POX43,2026-04-18 02:42:04.819,1,5.5,5.352308,33.0011,4comp
POX43,2026-04-18 15:45:06.391,1,6.0,5.628514,0.0,4comp
POX43,2026-04-18 17:22:06.570,1,6.0,5.827219,20.000616666666666,4comp
POX43,2026-04-18 18:19:06.674,1,6.0,5.986306,1.0000333333333333,4comp
POX43,2026-04-18 22:39:07.156,1,6.0,5.990818,1.0000333333333333,4comp
POX43,2026-04-19 03:36:07.728,1,6.0,5.808794,2.0000666666666667,4comp
POX43,2026-04-19 04:23:07.818,1,6.0,5.889194,10.000333333333334,4comp
POX43,2026-04-19 05:36:07.960,1,6.0,5.913694,39.00125,4comp
POX43,2026-04-19 15:53:09.091,1,6.0,5.928651,19.000516666666666,4comp
POX43,2026-04-20 05:44:10.659,1,6.0,5.845941,15.000499999999999,4comp
POX43,2026-04-20 19:28:12.153,1,5.5,5.47227,1.0000166666666666,4comp
POX43,2026-04-22 19:17:17.796,1,5.5,5.196509,22.000716666666666,4comp
POX43,2026-04-23 10:53:19.617,1,5.5,5.497427,3.0001,4comp
POX43,2026-04-23 22:23:20.930,1,6.0,5.910479,2.0000666666666667,4comp
POX43,2026-04-23 23:13:21.023,1,6.0,5.948855,4.000116666666667,4comp
POX43,2026-04-24 00:18:21.144,1,6.0,5.968188,7.000216666666666,4comp
POX43,2026-04-26 13:40:27.798,1,5.5,5.443024,4.000116666666667,4comp
POX43,2026-04-27 02:55:29.303,1,5.5,5.393834,5.000166666666667,4comp
POX43,2026-04-28 14:52:33.689,1,5.5,5.429585,1.0000333333333333,4comp
POX43,2026-04-29 01:47:34.941,1,5.5,5.345558,11.000366666666668,4comp
POX43,2026-04-29 02:12:34.990,1,5.5,5.350326,6.0002,4comp
POX43,2026-04-29 17:52:36.848,1,5.0,4.974447,2.0000666666666667,4comp
POX43,2026-05-05 17:47:54.402,1,5.5,5.299401,10.000333333333334,4comp
POX43,2026-05-08 09:55:01.727,1,6.0,5.866755,0.0,4comp
POX43,2026-05-09 01:45:03.566,1,6.0,5.659204,25.00085,4comp
POX43,2026-05-09 10:20:04.560,1,9.0,6.026793,0.0,4comp
POX43,2026-05-09 15:39:05.105,1,9.0,6.797425,56.001549999999995,4comp
POX43,2026-05-10 12:09:54.315,1,9.0,5.904622,339.0086,4comp
POX43,2026-05-11 23:40:57.806,1,6.0,5.944555,4.000133333333333,4comp
POX43,2026-05-12 00:10:57.860,1,6.0,5.820629,8.00025,4comp
POX43,2026-05-13 01:32:00.680,1,5.5,5.480067,16.000533333333333,4comp
POX43,2026-05-13 02:22:00.781,1,5.5,5.388181,4.000133333333333,4comp
POX43,2026-05-18 03:31:15.560,1,5.5,5.228734,13.00045,4comp
POX43,2026-05-18 04:02:15.624,1,5.5,5.271477,11.000366666666668,4comp
POX43,2026-05-18 04:47:15.716,1,5.5,5.406311,1.0000333333333333,4comp
POX43,2026-05-20 20:09:23.113,1,8.0,6.381472,16.00045,4comp
POX43,2026-05-21 15:14:24.875,1,8.0,6.494811,0.0,4comp
POX43,2026-05-21 16:49:24.989,1,8.0,7.283534,15.000300000000001,4comp
POX43,2026-05-24 02:31:31.372,1,6.0,5.980122,10.000333333333334,4comp
POX43,2026-05-24 11:47:32.450,1,5.5,5.440249,53.001783333333336,4comp
POX43,2026-05-24 15:27:32.889,1,6.0,5.902494,0.0,4comp
POX43,2026-05-24 16:22:32.996,1,6.0,5.485396,2.0000666666666667,4comp
POX43,2026-05-24 16:47:33.044,1,6.0,5.670745,0.0,4comp
POX43,2026-05-24 17:12:33.092,1,6.0,5.836736,0.0,4comp
POX45,2026-02-06 16:43:01.517,1,6.0,0.0,87.00188333333334,4comp
POX45,2026-02-06 16:54:01.531,1,6.0,5.831272,76.00165,4comp
POX45,2026-02-13 12:49:14.674,1,6.0,5.42941,147.0029,4comp
POX45,2026-02-13 15:53:14.890,1,6.0,5.643579,108.00206666666666,4comp
POX45,2026-02-15 11:26:22.420,1,6.0,5.690502,220.0049,4comp
POX45,2026-03-04 14:54:54.285,1,7.0,6.286125,,4comp
POX45,2026-03-06 10:40:57.880,1,7.0,5.944485,,4comp
POX45,2026-03-06 16:31:58.285,1,7.0,5.355464,126.00205,4comp
POX45,2026-03-06 18:46:58.417,1,7.0,5.647568,169.00296666666665,4comp
POX45,2026-03-11 19:06:07.050,1,7.0,6.978806,1.0000333333333333,4comp
POX45,2026-03-14 21:29:12.942,1,7.0,6.977025,167.00386666666665,4comp
POX45,2026-03-20 09:03:23.859,1,17.0,7.435561,0.0,4comp
POX45,2026-03-20 14:40:24.328,1,7.0,6.332488,54.001200000000004,4comp
POX45,2026-03-20 16:57:24.513,1,7.0,6.627945,17.000383333333335,4comp
POX45,2026-03-20 17:23:24.548,1,7.0,6.813812,25.000533333333333,4comp
POX45,2026-03-24 06:11:34.134,1,7.0,6.95506,15.000366666666668,4comp
POX45,2026-03-29 09:34:44.489,1,17.0,5.19094,,4comp
POX45,2026-03-31 04:10:47.617,1,7.0,6.875605,62.00143333333333,4comp
POX45,2026-04-01 02:46:49.500,1,7.0,6.804193,54.001266666666666,4comp
POX45,2026-04-03 00:23:53.308,1,7.0,6.949916,32.00076666666667,4comp
POX45,2026-04-03 01:08:53.373,1,7.0,6.843709,12.000300000000001,4comp
POX45,2026-04-04 08:59:56.123,1,7.0,6.816256,12.000283333333334,4comp
POX45,2026-04-04 11:11:56.313,1,7.0,6.579219,128.00303333333332,4comp
POX45,2026-04-04 13:35:56.518,1,7.0,6.234852,29.000666666666667,4comp
POX45,2026-04-04 14:15:56.574,1,7.0,6.22894,,4comp
POX45,2026-04-04 22:51:57.277,1,7.0,6.847503,112.00263333333334,4comp
POX45,2026-04-12 03:25:11.631,1,7.0,6.94053,10.000233333333334,4comp
POX45,2026-04-12 04:20:11.709,1,7.0,6.777567,15.000366666666668,4comp
POX45,2026-04-12 06:50:11.926,1,7.0,6.994529,3.0000666666666667,4comp
POX45,2026-04-14 11:01:16.393,1,7.0,6.984335,2.00005,4comp
POX45,2026-04-15 00:06:17.477,1,7.0,6.946212,15.00035,4comp
POX45,2026-04-16 12:00:20.454,1,6.0,0.0,,4comp
POX45,2026-04-16 12:16:20.477,1,6.0,0.0,,4comp
POX45,2026-04-16 12:41:20.513,1,6.0,0.0,,4comp
POX45,2026-04-16 13:26:20.577,1,6.0,0.0,,4comp
POX45,2026-04-16 14:11:20.641,1,6.0,0.0,,4comp
POX45,2026-04-16 16:56:20.875,1,6.0,0.0,,4comp
POX45,2026-04-16 21:16:21.248,1,6.0,0.0,,4comp
POX45,2026-04-16 22:11:21.328,1,6.0,0.0,,4comp
POX45,2026-04-16 22:36:21.364,1,6.0,0.0,,4comp
POX45,2026-04-17 00:21:21.515,1,6.0,0.0,,4comp
POX45,2026-04-17 00:56:21.565,1,6.0,0.0,,4comp
POX45,2026-04-17 08:32:22.230,1,6.0,0.0,,4comp
POX45,2026-04-17 10:42:22.417,1,6.0,0.0,,4comp
POX45,2026-04-17 11:07:22.453,1,6.0,0.0,,4comp
POX45,2026-04-18 00:22:23.590,1,6.0,0.0,,4comp
POX45,2026-04-19 15:44:27.035,1,6.0,0.0,,4comp
POX45,2026-04-20 13:52:28.943,1,6.0,0.0,,4comp
POX45,2026-04-21 03:02:30.019,1,6.0,0.0,,4comp
POX45,2026-04-21 04:02:30.104,1,6.0,0.0,,4comp
POX45,2026-04-21 05:07:30.196,1,6.0,0.0,,4comp
POX45,2026-04-21 07:38:30.407,1,6.0,0.0,,4comp
POX45,2026-04-21 08:33:30.482,1,6.0,0.0,,4comp
POX45,2026-04-21 09:18:30.544,1,6.0,0.0,,4comp
POX45,2026-04-21 10:03:30.607,1,6.0,0.0,,4comp
POX45,2026-04-21 12:33:30.821,1,6.0,0.0,,4comp
POX45,2026-04-21 13:13:30.878,1,6.0,0.0,,4comp
POX45,2026-04-21 13:48:30.929,1,6.0,0.0,,4comp
POX45,2026-04-21 15:03:31.036,1,6.0,0.0,,4comp
POX45,2026-04-21 15:53:31.108,1,6.0,0.0,,4comp
POX45,2026-04-21 17:18:31.230,1,6.0,0.0,,4comp
POX45,2026-04-21 18:08:31.302,1,6.0,0.0,,4comp
POX45,2026-04-21 18:48:31.360,1,6.0,0.0,,4comp
POX45,2026-04-21 19:43:31.439,1,6.0,0.0,,4comp
POX45,2026-04-22 02:28:32.029,1,6.0,0.0,,4comp
POX45,2026-04-22 03:08:32.088,1,6.0,0.0,,4comp
POX45,2026-04-22 03:53:32.153,1,6.0,0.0,,4comp
POX45,2026-04-22 11:03:32.781,1,6.0,0.0,,4comp
POX45,2026-04-22 11:33:32.825,1,6.0,0.0,,4comp
POX45,2026-04-22 12:23:32.898,1,6.0,0.0,,4comp
POX45,2026-04-22 13:28:32.991,1,6.0,0.0,,4comp
POX45,2026-04-22 13:58:33.034,1,6.0,0.0,,4comp
POX45,2026-04-22 19:39:33.513,1,6.0,0.0,,4comp
POX45,2026-04-22 20:09:33.556,1,6.0,0.0,,4comp
POX45,2026-04-22 21:29:33.671,1,6.0,0.0,,4comp
POX45,2026-04-22 21:59:33.714,1,6.0,0.0,,4comp
POX45,2026-04-22 23:04:33.807,1,6.0,0.0,,4comp
POX45,2026-04-23 02:14:34.080,1,6.0,0.0,,4comp
POX45,2026-04-23 07:44:34.559,1,6.0,0.0,,4comp
POX45,2026-04-23 08:54:34.661,1,6.0,0.0,,4comp
POX45,2026-04-23 10:29:34.799,1,6.0,0.0,,4comp
POX45,2026-04-23 11:19:34.871,1,6.0,0.0,,4comp
POX45,2026-04-23 12:59:35.017,1,6.0,0.0,,4comp
POX45,2026-04-23 17:29:35.410,1,6.0,0.0,,4comp
POX45,2026-04-23 21:15:35.740,1,6.0,0.0,,4comp
POX45,2026-04-24 01:50:36.143,1,6.0,0.0,,4comp
POX45,2026-04-24 11:05:36.957,1,16.0,0.0,,4comp
POX45,2026-04-29 12:19:47.496,1,6.0,0.0,,4comp
POX49,2026-02-01 00:00:46.063,1,6.0,3.883119,,4comp
POX49,2026-02-01 12:14:47.172,1,6.0,3.586194,128.00288333333333,4comp
POX49,2026-02-10 20:18:08.547,1,6.0,5.810833,44.001266666666666,4comp
POX49,2026-02-15 12:53:19.973,1,6.0,4.525296,105.00276666666667,4comp
POX49,2026-02-17 21:44:25.503,1,6.0,5.729928,11.000300000000001,4comp
POX49,2026-02-18 12:44:27.048,1,6.0,5.785329,127.00346666666665,4comp
POX49,2026-02-19 06:05:28.770,1,6.0,5.85316,70.002,4comp
POX49,2026-03-05 15:25:02.967,1,6.0,5.969952,8.000216666666667,4comp
POX49,2026-03-06 10:07:04.850,1,6.0,0.0,1.0000333333333333,4comp
POX49,2026-03-08 12:18:09.737,1,6.0,5.985246,13.00035,4comp
POX49,2026-03-08 21:18:10.555,1,6.0,5.949123,2.00005,4comp
POX49,2026-05-16 10:29:59.494,1,7.0,0.0,0.0,4comp
POX49,2026-05-18 08:57:04.414,1,7.5,7.49655,0.0,4comp
POX53,2026-02-08 07:55:56.930,1,6.0,5.936713,1.0000333333333333,4comp
POX53,2026-02-09 01:11:58.389,1,6.0,5.544936,2.00005,4comp
POX53,2026-02-10 09:15:01.302,1,6.0,5.56689,2.00005,4comp
POX53,2026-02-14 10:33:34.166,1,5.5,5.474568,3.0000833333333334,4comp
POX53,2026-02-15 08:41:36.317,1,5.5,5.423956,6.000166666666667,4comp
POX53,2026-02-22 05:37:50.669,1,11.0,6.638005,0.0,4comp
POX53,2026-02-22 06:22:50.741,1,11.0,7.706024,0.0,4comp
POX53,2026-02-22 07:45:50.873,1,11.0,6.455337,0.0,4comp
POX53,2026-02-22 08:22:50.932,1,11.0,6.09595,42.00111666666667,4comp
POX53,2026-03-11 11:00:05.826,1,16.5,5.556366,0.0,4comp
POX53,2026-03-13 04:39:09.444,1,16.5,9.393287,0.0,4comp
POX53,2026-03-13 07:16:09.695,1,16.5,11.70554,222.0059,4comp
POX53,2026-03-20 15:28:05.026,1,6.0,5.467371,3.0000833333333334,4comp
POX53,2026-03-20 16:06:47.581,1,6.0,4.9543,49.00128333333334,4comp
POX53,2026-03-20 18:44:47.821,1,6.0,5.528826,24.000583333333335,4comp
POX53,2026-03-21 07:29:49.071,1,6.0,5.966846,1.0000333333333333,4comp
POX53,2026-03-21 08:22:49.160,1,6.0,5.595467,24.000666666666667,4comp
POX53,2026-03-22 07:37:51.514,1,6.0,5.604712,24.00068333333333,4comp
POX53,2026-03-28 12:49:48.312,1,5.5,5.047814,111.00275,4comp
POX53,2026-04-04 08:23:03.438,1,5.5,5.346372,111.00321666666667,4comp
POX53,2026-04-05 19:43:06.789,1,5.5,5.290509,4.000083333333333,4comp
POX53,2026-04-06 11:40:08.356,1,5.5,4.67086,0.0,4comp
POX53,2026-04-08 09:22:12.667,1,5.5,4.774501,10.000266666666667,4comp
POX53,2026-04-20 19:46:42.266,1,5.0,4.756699,4.000116666666667,4comp
POX53,2026-04-21 17:16:44.489,1,5.0,4.260686,47.00128333333334,4comp
POX53,2026-05-09 05:11:43.955,1,15.5,5.092727,238.00671666666668,4comp
POX53,2026-05-21 22:20:15.004,1,10.0,0.0,237.0064833333333,4comp
POX53,2026-05-21 22:57:15.064,1,10.0,0.0,200.00548333333333,4comp
POX54,2026-02-03 12:27:06.054,1,6.0,3.615078,9.00015,4comp
POX54,2026-02-09 03:08:12.781,1,6.0,5.869403,1.0000166666666666,4comp
POX54,2026-02-10 09:09:14.243,1,6.0,5.728312,23.000366666666665,4comp
POX54,2026-02-12 12:01:17.415,1,6.0,5.75527,5.000083333333333,4comp
POX54,2026-02-17 03:41:23.009,1,6.0,5.787007,6.000083333333333,4comp
POX54,2026-02-22 09:41:29.355,1,5.5,4.571202,1.0,4comp
POX54,2026-02-22 19:34:29.779,1,5.5,5.062328,8.0001,4comp
POX54,2026-02-23 05:23:30.240,1,5.5,5.450317,1.0,4comp
POX54,2026-02-23 15:00:30.701,1,5.5,5.012712,20.0002,4comp
POX54,2026-02-23 17:53:30.803,1,5.5,5.01094,86.0009,4comp
POX54,2026-02-24 05:25:31.328,1,5.5,5.299298,54.00085,4comp
POX54,2026-02-24 15:48:31.859,1,5.5,5.450709,18.000216666666667,4comp
POX54,2026-02-24 20:40:32.084,1,5.5,5.11047,2.0000166666666668,4comp
POX54,2026-02-27 13:04:35.323,1,5.5,5.062415,34.00043333333333,4comp
POX54,2026-02-27 15:49:35.451,1,5.5,5.42928,4.00005,4comp
POX54,2026-02-28 00:04:35.880,1,5.5,5.128693,101.00155,4comp
POX54,2026-03-02 06:54:38.717,1,5.5,5.028799,5.000083333333333,4comp
POX54,2026-03-03 15:32:40.562,1,5.5,5.185848,10.000166666666667,4comp
POX54,2026-03-03 17:54:40.705,1,5.5,5.463987,18.0003,4comp
POX54,2026-03-04 15:10:41.982,1,5.5,5.321546,4.0000333333333336,4comp
POX54,2026-03-05 02:40:42.604,1,5.5,5.499232,1.0000166666666666,4comp
POX54,2026-03-05 18:18:43.518,1,5.5,5.401745,24.0003,4comp
POX54,2026-03-18 07:18:59.497,1,5.5,5.233789,1.0000166666666666,4comp
POX54,2026-03-19 04:49:00.867,1,5.5,4.376397,65.00113333333334,4comp
POX54,2026-03-20 05:50:02.436,1,5.5,5.207729,5.000083333333333,4comp
POX54,2026-03-22 18:18:24.581,1,5.5,4.712093,26.00041666666667,4comp
POX54,2026-03-23 04:43:25.248,1,5.5,5.139799,193.00351666666666,4comp
POX54,2026-03-28 09:55:59.774,1,5.5,5.392945,16.000283333333336,4comp
POX54,2026-03-28 10:33:59.816,1,5.5,5.286366,279.0047333333333,4comp
POX54,2026-03-28 10:48:59.832,1,5.5,4.944941,264.00446666666664,4comp
POX54,2026-03-30 05:44:02.180,1,5.5,5.233914,6.000083333333333,4comp
POX54,2026-04-08 05:21:29.733,1,14.5,5.341601,0.0,4comp
POX54,2026-04-08 06:52:29.830,1,14.5,5.166579,0.0,4comp
POX54,2026-04-08 07:52:29.894,1,14.5,4.946579,0.0,4comp
POX54,2026-05-01 04:03:17.309,1,4.5,4.454933,28.000516666666666,4comp
POX54,2026-05-05 14:14:23.856,1,5.5,5.448432,41.00071666666667,4comp
POX54,2026-05-17 11:53:41.323,1,5.0,2.602393,34.000616666666666,4comp
POX54,2026-05-19 07:15:44.065,1,5.0,3.922536,30.000566666666668,4comp
POX54,2026-05-20 00:35:45.096,1,5.0,4.781799,2.000033333333333,4comp
POX56,2026-02-01 08:55:35.521,1,6.8,6.332039,13.000433333333332,4comp
POX56,2026-02-01 09:25:35.580,1,6.8,6.272099,109.00348333333334,4comp
POX56,2026-02-01 19:35:36.713,1,6.8,6.746913,15.000483333333333,4comp
POX56,2026-02-01 20:20:36.799,1,6.8,6.393648,11.00035,4comp
POX56,2026-02-01 21:00:36.876,1,6.8,6.4747,128.00415,4comp
POX56,2026-02-02 03:05:37.588,1,6.8,6.346299,5.0001500000000005,4comp
POX56,2026-02-02 06:40:38.006,1,6.8,6.674738,9.000283333333334,4comp
POX56,2026-02-02 09:50:38.374,1,6.8,6.56567,8.00025,4comp
POX56,2026-02-02 19:46:39.432,1,6.8,6.579632,28.000866666666663,4comp
POX56,2026-02-02 20:36:39.525,1,6.8,6.219822,19.000583333333335,4comp
POX56,2026-02-03 08:26:40.918,1,6.8,6.127365,24.0008,4comp
POX56,2026-02-03 13:11:41.473,1,6.8,6.164222,164.00513333333336,4comp
POX56,2026-02-03 19:46:42.225,1,6.8,6.207442,18.000583333333335,4comp
POX56,2026-02-03 20:42:42.335,1,6.8,6.320272,89.00295,4comp
POX56,2026-02-04 06:17:43.506,1,6.8,5.846247,,4comp
POX56,2026-02-25 16:37:23.437,1,5.8,0.0,139.00423333333336,4comp
POX56,2026-03-05 15:41:46.451,1,10.8,5.974164,0.0,4comp
POX56,2026-03-05 20:39:46.996,1,10.8,6.631555,,4comp
POX56,2026-03-05 21:30:47.087,1,10.8,6.447945,,4comp
POX56,2026-03-06 19:22:49.492,1,7.0,6.830733,52.00128333333334,4comp
POX56,2026-03-06 19:30:49.503,1,7.0,6.584072,44.001099999999994,4comp
POX56,2026-03-06 21:17:49.670,1,7.0,6.927979,5.0001500000000005,4comp
POX56,2026-03-06 23:07:49.858,1,7.0,6.931943,1.0000333333333333,4comp
POX56,2026-03-07 04:17:50.406,1,7.0,6.934658,1.0000333333333333,4comp
POX56,2026-03-07 05:07:50.498,1,7.0,6.667667,6.000183333333334,4comp
POX56,2026-03-07 06:02:50.600,1,7.0,6.934881,1.0000333333333333,4comp
POX56,2026-03-07 06:37:50.665,1,7.0,6.717495,5.000166666666667,4comp
POX56,2026-03-07 10:24:51.110,1,7.0,0.0,124.00405,4comp
POX56,2026-03-07 11:20:51.220,1,7.0,6.38816,68.00221666666667,4comp
POX56,2026-03-07 19:17:52.117,1,7.0,6.655095,10.000300000000001,4comp
POX56,2026-03-07 22:57:52.522,1,7.0,6.826495,16.000516666666666,4comp
POX56,2026-03-07 23:22:52.570,1,7.0,6.897878,18.000583333333335,4comp
POX56,2026-03-08 09:20:53.795,1,12.0,6.364737,6.0002,4comp
POX56,2026-03-08 16:15:54.581,1,12.0,8.072258,0.0,4comp
POX56,2026-03-10 13:56:59.585,1,7.0,6.745259,250.0072,4comp
POX56,2026-03-10 19:42:00.177,1,7.0,6.472198,6.000166666666667,4comp
POX56,2026-03-10 20:51:00.298,1,7.0,6.509233,32.00096666666666,4comp
POX56,2026-03-11 18:22:02.760,1,7.0,5.989901,113.00356666666667,4comp
POX56,2026-03-11 20:42:03.026,1,7.0,6.798071,21.00068333333333,4comp
POX56,2026-03-11 21:47:03.152,1,7.0,6.755414,,4comp
POX56,2026-03-13 08:24:07.324,1,7.0,6.537924,7.000233333333333,4comp
POX56,2026-03-13 08:40:07.357,1,7.0,6.677539,5.000183333333334,4comp
POX56,2026-03-13 15:45:08.222,1,7.0,6.90667,4.000133333333333,4comp
POX56,2026-03-15 20:57:14.653,1,7.0,6.848909,8.000283333333334,4comp
POX56,2026-03-15 22:38:14.862,1,7.0,6.694025,11.000383333333334,4comp
POX56,2026-03-16 00:23:15.081,1,7.0,6.934348,1.0000333333333333,4comp
POX56,2026-03-16 23:22:17.969,1,7.0,6.819549,4.000133333333333,4comp
POX56,2026-03-17 02:47:18.404,1,7.0,6.728455,3.0001,4comp
POX56,2026-03-17 03:32:18.499,1,7.0,6.896187,4.00015,4comp
POX56,2026-03-17 09:18:19.232,1,7.0,6.864234,1.0000333333333333,4comp
POX56,2026-03-18 23:14:23.872,1,7.0,6.955555,23.000783333333334,4comp
POX56,2026-03-19 00:34:24.036,1,7.0,6.854486,15.000516666666666,4comp
POX56,2026-03-19 22:41:26.742,1,7.0,6.935847,1.0000333333333333,4comp
POX56,2026-03-20 01:12:27.054,1,7.0,6.780777,3.0001,4comp
POX56,2026-03-20 09:46:28.123,1,7.0,6.949411,2.0000833333333334,4comp
POX56,2026-03-20 12:07:28.413,1,7.0,6.804173,12.000416666666666,4comp
POX56,2026-03-21 04:13:30.351,1,7.0,6.772399,23.0008,4comp
POX56,2026-03-23 01:35:08.771,1,7.0,6.956836,2.0000666666666667,4comp
POX56,2026-03-23 02:05:08.833,1,7.0,6.969554,2.0000666666666667,4comp
POX56,2026-03-23 04:50:09.170,1,7.0,6.952534,3.0001,4comp
POX56,2026-03-23 05:20:09.232,1,7.0,6.836887,7.000249999999999,4comp
POX56,2026-03-24 06:16:12.329,1,7.0,6.851675,21.000733333333336,4comp
POX56,2026-03-25 01:32:14.729,1,7.0,6.664829,2.0000666666666667,4comp
POX56,2026-03-25 07:27:15.463,1,7.0,6.678563,15.000516666666666,4comp
POX56,2026-03-26 00:52:17.591,1,7.0,6.942667,1.0000333333333333,4comp
POX56,2026-03-26 04:27:18.031,1,7.0,6.881714,5.000166666666667,4comp
POX56,2026-03-26 08:38:18.546,1,7.0,6.845618,11.000366666666668,4comp
POX56,2026-03-26 09:13:18.618,1,7.0,6.889613,23.000783333333334,4comp
POX56,2026-03-28 22:20:26.060,1,7.0,6.718882,10.000333333333334,4comp
POX56,2026-03-28 22:45:26.110,1,7.0,6.923319,7.000249999999999,4comp
POX56,2026-03-28 23:25:26.192,1,7.0,6.825445,2.0000666666666667,4comp
POX56,2026-03-29 01:50:26.487,1,7.0,6.941484,5.000166666666667,4comp
POX56,2026-03-29 02:30:26.569,1,7.0,6.798778,14.000466666666666,4comp
POX56,2026-03-29 03:10:26.650,1,7.0,6.962854,2.0000666666666667,4comp
POX56,2026-03-29 04:40:26.833,1,7.0,6.736151,3.0001,4comp
POX56,2026-03-29 12:39:27.799,1,6.5,6.290627,46.00151666666667,4comp
POX56,2026-03-30 13:54:30.812,1,6.5,6.472929,20.000633333333333,4comp
POX56,2026-03-30 20:05:31.492,1,6.5,6.145734,21.00065,4comp
POX56,2026-03-30 22:35:31.776,1,6.5,6.344412,17.00055,4comp
POX56,2026-03-31 00:55:32.050,1,6.5,6.412299,7.000233333333333,4comp
POX56,2026-03-31 02:20:32.219,1,6.5,6.31719,29.000966666666667,4comp
POX56,2026-03-31 04:15:32.451,1,6.5,6.128121,22.00075,4comp
POX56,2026-04-04 03:44:28.085,1,5.5,5.386035,9.000316666666667,4comp
POX56,2026-04-04 04:19:28.160,1,5.5,5.258469,48.00171666666667,4comp
POX56,2026-04-04 06:30:28.440,1,6.5,5.685687,0.0,4comp
POX56,2026-04-05 02:34:30.929,1,6.5,6.470646,16.00055,4comp
POX56,2026-04-05 16:04:32.596,1,6.5,6.048398,12.000383333333334,4comp
POX56,2026-04-06 16:39:38.385,1,6.5,6.035732,16.00055,4comp
POX56,2026-04-09 22:40:24.687,1,6.5,6.306344,56.001999999999995,4comp
POX56,2026-04-10 10:37:26.222,1,6.5,5.228686,46.001650000000005,4comp
POX56,2026-04-10 20:42:27.499,1,6.5,5.831642,31.0011,4comp
POX56,2026-04-10 21:28:27.597,1,6.5,5.90569,337.0119,4comp
POX56,2026-04-13 10:42:35.451,1,11.5,5.860679,,4comp
POX56,2026-04-13 19:47:36.622,1,11.5,7.363802,,4comp
POX56,2026-04-14 17:34:39.427,1,11.5,6.986023,301.01061666666664,4comp
POX56,2026-04-14 18:28:39.542,1,11.5,7.273263,247.0087,4comp
POX56,2026-04-14 18:58:39.606,1,11.5,7.665274,217.00763333333333,4comp
POX56,2026-04-15 10:08:41.512,1,11.5,6.917696,,4comp
POX56,2026-04-16 12:39:44.728,1,6.5,5.79052,71.00243333333333,4comp
POX56,2026-04-17 00:30:46.190,1,6.5,6.381849,8.000266666666667,4comp
POX56,2026-04-17 01:35:46.325,1,6.5,6.225739,220.00773333333333,4comp
POX56,2026-04-17 08:59:47.267,1,6.5,6.134455,38.00136666666666,4comp
POX56,2026-04-19 12:58:06.011,1,6.5,6.421884,0.0,4comp
POX56,2026-04-19 13:17:06.051,1,6.5,6.063957,5.000183333333334,4comp
POX56,2026-04-19 15:04:06.278,1,6.5,6.289792,0.0,4comp
POX56,2026-04-19 15:29:06.331,1,6.5,6.254601,0.0,4comp
POX56,2026-04-20 04:14:07.944,1,6.5,6.454629,25.000883333333334,4comp
POX56,2026-04-21 21:21:13.116,1,6.5,6.255019,5.000166666666667,4comp
POX56,2026-04-22 02:46:13.804,1,6.5,6.285718,11.000383333333334,4comp
POX56,2026-04-22 03:51:13.942,1,6.5,6.496613,1.0000333333333333,4comp
POX56,2026-04-22 04:51:14.069,1,6.5,6.448478,5.000183333333334,4comp
POX56,2026-04-22 07:11:14.366,1,6.5,6.48208,1.0000333333333333,4comp
POX56,2026-04-22 07:36:14.419,1,6.5,6.285292,5.000166666666667,4comp
POX56,2026-04-22 08:01:14.472,1,6.5,6.329122,5.000166666666667,4comp
POX56,2026-04-23 06:07:17.263,1,6.5,6.371081,12.000433333333332,4comp
POX56,2026-04-24 06:33:20.364,1,6.5,6.458398,10.000366666666668,4comp
POX56,2026-04-24 08:58:20.676,1,6.5,6.402582,7.000249999999999,4comp
POX56,2026-04-24 10:33:20.881,1,6.5,6.274977,13.000466666666666,4comp
POX56,2026-04-24 10:58:20.935,1,6.5,6.253612,4.000133333333333,4comp
POX56,2026-04-24 11:23:20.988,1,6.5,6.195642,11.0004,4comp
POX56,2026-04-25 09:48:23.862,1,6.5,6.247462,15.000533333333333,4comp
POX56,2026-04-25 22:14:25.442,1,6.5,6.011062,9.000316666666667,4comp
POX56,2026-04-25 22:39:25.495,1,6.5,6.254158,6.0002,4comp
POX56,2026-04-26 10:54:27.069,1,6.5,5.827668,37.00131666666667,4comp
POX56,2026-04-26 13:19:27.381,1,6.5,6.417589,12.000433333333332,4comp
POX56,2026-04-28 22:46:34.653,1,6.5,6.289711,36.001266666666666,4comp
POX56,2026-04-29 00:21:34.854,1,6.5,6.358932,34.0012,4comp
POX56,2026-04-29 23:57:37.852,1,6.5,6.476934,5.000166666666667,4comp
POX56,2026-04-30 02:07:38.129,1,6.5,6.499259,4.00015,4comp
POX56,2026-05-01 14:35:42.817,1,6.5,6.377153,66.00235,4comp
POX56,2026-05-01 16:05:43.008,1,6.5,6.298451,16.000566666666668,4comp
POX56,2026-05-01 17:30:43.187,1,6.5,6.384887,19.000666666666667,4comp
POX56,2026-05-03 04:41:47.718,1,6.5,6.240851,72.00258333333333,4comp
POX56,2026-05-03 21:27:49.853,1,6.5,6.493622,3.0001,4comp
POX56,2026-05-04 00:57:50.299,1,6.5,6.485787,2.0000666666666667,4comp
POX56,2026-05-04 01:37:50.384,1,6.5,6.412337,17.000616666666666,4comp
POX56,2026-05-04 02:37:50.512,1,6.5,6.353333,7.000249999999999,4comp
POX56,2026-05-04 03:02:50.566,1,6.5,6.281523,4.000133333333333,4comp
POX56,2026-05-04 03:32:50.630,1,6.5,6.411395,3.0001,4comp
POX56,2026-05-04 03:57:50.683,1,6.5,6.372194,2.0000666666666667,4comp
POX56,2026-05-06 09:45:57.548,1,6.5,5.904752,0.0,4comp
POX56,2026-05-06 10:00:57.580,1,6.5,5.588847,9.000316666666667,4comp
POX56,2026-05-07 10:28:00.717,1,6.5,6.331715,8.000283333333334,4comp
POX56,2026-05-07 13:53:01.159,1,6.5,6.448675,2.0000833333333334,4comp
POX56,2026-05-08 06:23:03.280,1,6.5,6.338474,2.0000833333333334,4comp
POX56,2026-05-10 12:50:10.310,1,6.5,6.133257,4.00015,4comp
POX56,2026-05-10 21:20:11.389,1,6.5,6.490202,1.0000333333333333,4comp
POX56,2026-05-11 14:51:13.604,1,6.5,6.417065,11.000366666666668,4comp
POX56,2026-05-11 17:52:13.976,1,6.5,6.268637,5.000166666666667,4comp
POX56,2026-05-11 18:17:14.027,1,6.5,6.149357,8.000283333333334,4comp
POX56,2026-05-11 20:27:14.297,1,6.5,6.418631,4.000133333333333,4comp
POX56,2026-05-11 23:37:14.694,1,6.5,6.268291,5.000166666666667,4comp
POX56,2026-05-18 17:03:35.361,1,7.0,5.409404,4.00015,4comp
POX56,2026-05-18 19:06:35.620,1,7.0,5.985604,17.0006,4comp
POX56,2026-05-22 10:57:46.210,1,7.0,5.560868,,4comp
POX57,2026-02-01 09:15:10.771,1,6.0,5.294514,21.000066666666665,4comp
POX57,2026-02-03 10:16:10.912,1,20.0,6.227921,0.0,4comp
POX57,2026-02-04 15:49:11.277,1,12.0,5.21873,274.0002666666667,4comp
POX57,2026-02-06 09:35:11.784,1,6.0,5.982172,2.0000166666666668,4comp
POX57,2026-02-06 13:27:11.866,1,6.0,5.832061,18.000116666666667,4comp
POX57,2026-02-07 05:43:12.238,1,13.0,7.49766,0.0,4comp
POX57,2026-02-07 08:05:12.305,1,13.0,6.770714,0.0,4comp
POX57,2026-02-07 22:58:12.580,1,6.5,6.29305,3.0000333333333336,4comp
POX57,2026-02-08 00:13:12.608,1,6.5,6.261166,2.0,4comp
POX57,2026-02-08 06:51:12.751,1,13.5,7.422223,0.0,4comp
POX57,2026-02-08 07:36:12.766,1,13.5,6.82639,0.0,4comp
POX57,2026-02-09 10:59:13.140,1,13.5,5.796255,,4comp
POX57,2026-02-18 16:28:20.134,1,6.0,5.751011,2.0000166666666668,4comp
POX57,2026-02-19 15:14:20.555,1,6.0,5.836485,33.00018333333333,4comp
POX57,2026-02-23 05:53:22.324,1,13.0,7.084813,0.0,4comp
POX57,2026-02-23 07:30:22.346,1,13.0,7.077997,0.0,4comp
POX57,2026-02-23 08:08:22.355,1,13.0,6.876984,0.0,4comp
POX57,2026-02-25 19:54:23.536,1,6.0,5.721745,1.0,4comp
POX57,2026-02-25 22:01:23.569,1,6.0,5.88654,3.0,4comp
POX57,2026-02-26 04:17:23.703,1,6.0,5.599567,7.00005,4comp
POX57,2026-02-26 07:47:23.788,1,6.0,5.890788,14.0001,4comp
POX57,2026-02-27 06:55:24.084,1,6.0,5.065883,20.0,4comp
POX57,2026-02-28 09:10:24.191,1,6.0,5.937753,3.0000166666666668,4comp
POX57,2026-03-02 12:50:24.769,1,6.0,5.494537,0.0,4comp
POX57,2026-03-03 03:07:24.901,1,6.0,5.931252,1.0,4comp
POX57,2026-03-03 05:29:24.921,1,6.0,5.220443,97.00011666666666,4comp
POX57,2026-03-03 21:17:25.155,1,6.0,4.338253,207.00143333333332,4comp
POX57,2026-03-04 04:55:25.366,1,6.0,5.734385,18.00015,4comp
POX57,2026-03-04 17:32:25.646,1,6.0,5.772481,12.000066666666667,4comp
POX57,2026-03-04 21:39:25.732,1,6.0,5.793429,49.00028333333333,4comp
POX57,2026-03-05 10:43:26.108,1,6.0,5.842725,4.0000333333333336,4comp
POX57,2026-03-05 15:28:26.224,1,6.0,5.937524,12.000083333333333,4comp
POX57,2026-03-05 22:36:26.358,1,6.0,5.891857,2.0000166666666668,4comp
POX57,2026-03-06 14:14:26.684,1,6.0,5.879564,2.0,4comp
POX57,2026-03-07 13:21:26.991,1,6.0,5.741306,29.000083333333336,4comp
POX57,2026-03-07 23:13:27.069,1,6.0,5.857455,31.0001,4comp
POX57,2026-03-08 01:21:27.097,1,6.0,5.851356,18.000083333333336,4comp
POX57,2026-03-08 12:06:27.296,1,6.0,5.971707,8.000016666666665,4comp
POX57,2026-03-08 15:44:27.298,1,6.0,5.76283,3.0,4comp
POX57,2026-03-08 18:06:27.287,1,6.0,5.664417,88.99986666666668,4comp
POX57,2026-03-14 14:02:27.842,1,6.5,4.916659,,4comp
POX57,2026-03-18 13:35:30.489,1,6.5,5.164196,,4comp
POX57,2026-03-27 10:49:02.263,1,6.0,5.792611,44.0002,4comp
POX57,2026-03-28 10:57:02.632,1,13.0,7.322266,213.00063333333335,4comp
POX57,2026-04-01 18:09:04.363,1,6.0,5.821933,17.0001,4comp
POX57,2026-04-02 17:47:04.901,1,13.0,7.080696,0.0,4comp
POX57,2026-04-03 15:33:05.372,1,13.0,8.972229,,4comp
POX57,2026-04-11 15:52:10.176,1,13.5,6.441595,,4comp
POX57,2026-04-13 17:34:11.551,1,6.5,5.876667,344.00075,4comp
POX57,2026-04-13 17:45:11.554,1,6.5,5.965343,333.0007,4comp
POX57,2026-04-13 23:22:11.597,1,13.5,6.364642,3.0,4comp
POX57,2026-04-14 00:07:11.603,1,13.5,6.161009,,4comp
POX57,2026-04-14 02:00:11.622,1,13.5,5.617669,,4comp
POX57,2026-04-18 10:47:52.739,1,6.5,5.141972,0.0,4comp
POX57,2026-04-18 10:59:52.745,1,6.5,5.214777,3.0000333333333336,4comp
POX57,2026-04-18 23:35:53.035,1,6.5,6.447691,7.00005,4comp
POX57,2026-04-22 01:55:55.198,1,6.0,5.765215,3.0000333333333336,4comp
POX57,2026-04-22 03:02:55.224,1,6.0,5.93423,4.0000333333333336,4comp
POX57,2026-04-29 07:55:59.670,1,13.0,6.917383,0.0,4comp
POX57,2026-04-29 08:47:59.701,1,13.0,6.483612,0.0,4comp
POX57,2026-04-29 09:25:59.723,1,13.0,6.377813,0.0,4comp
POX57,2026-04-30 08:11:00.453,1,6.5,6.471454,1.0,4comp
POX57,2026-05-01 13:55:20.047,1,6.5,5.988155,51.000416666666666,4comp
POX57,2026-05-06 16:20:23.392,1,6.5,6.452707,1.0000166666666666,4comp
POX57,2026-05-13 12:17:28.410,1,13.5,5.296987,,4comp
POX57,2026-05-13 12:50:28.428,1,13.5,5.291859,,4comp
POX57,2026-05-13 14:52:28.494,1,13.5,6.123225,,4comp
POX57,2026-05-13 17:38:28.583,1,13.5,5.367766,,4comp
POX57,2026-05-14 18:16:29.407,1,13.5,5.993588,,4comp
POX57,2026-05-23 12:21:35.674,1,7.0,5.123388,,4comp
POX58,2026-02-01 00:00:11.968,1,6.6,6.152337,11.000583333333333,4comp
POX58,2026-02-02 11:20:19.181,1,6.6,6.431254,0.0,4comp
POX58,2026-02-02 21:23:21.263,1,6.6,6.322471,12.0007,4comp
POX58,2026-02-04 04:01:27.543,1,6.6,6.278938,4.000233333333333,4comp
POX58,2026-02-04 04:31:27.644,1,6.6,6.424534,6.000333333333333,4comp
POX58,2026-02-06 12:01:20.552,1,6.6,5.651197,257.01515,4comp
POX58,2026-02-06 17:24:21.696,1,6.6,5.382456,51.00306666666667,4comp
POX58,2026-02-06 19:10:22.077,1,6.6,5.246106,104.13753333333334,4comp
POX58,2026-02-06 19:34:30.047,1,6.6,4.999867,80.0047,4comp
POX58,2026-02-09 11:03:43.229,1,6.6,4.717612,87.00503333333333,4comp
POX58,2026-02-09 11:31:43.327,1,6.6,4.917048,59.003400000000006,4comp
POX58,2026-02-09 12:41:43.569,1,6.6,4.650555,,4comp
POX58,2026-02-09 15:40:44.196,1,13.6,5.625368,,4comp
POX58,2026-02-10 17:43:49.757,1,6.6,6.038005,19.001133333333332,4comp
POX58,2026-02-11 15:31:54.435,1,6.6,6.557464,7.000416666666666,4comp
POX58,2026-02-11 16:05:54.556,1,6.6,5.989948,14.000850000000002,4comp
POX58,2026-02-11 20:21:51.158,1,6.6,5.530055,131.00795,4comp
POX58,2026-02-11 22:03:51.530,1,6.6,5.393911,29.00175,4comp
POX58,2026-02-12 09:05:53.872,1,6.0,5.924179,2.0001166666666665,4comp
POX58,2026-02-12 09:20:53.925,1,6.0,5.633666,0.0,4comp
POX58,2026-02-12 11:05:45.403,1,6.0,5.782913,5.000299999999999,4comp
POX58,2026-02-12 14:49:05.002,1,6.6,6.154304,144.00868333333335,4comp
POX58,2026-02-12 15:59:05.256,1,6.6,5.861693,74.00444999999999,4comp
POX58,2026-02-12 17:02:05.484,1,6.6,6.151488,11.00065,4comp
POX58,2026-02-14 08:50:13.861,1,6.6,5.959307,100.00590000000001,4comp
POX58,2026-02-17 16:07:30.361,1,6.5,6.106506,11.00065,4comp
POX58,2026-02-18 03:14:32.703,1,6.5,6.393087,4.000233333333333,4comp
POX58,2026-02-18 20:45:36.405,1,6.5,6.340996,4.000233333333333,4comp
POX58,2026-02-19 02:49:37.677,1,6.5,6.314025,9.000516666666666,4comp
POX58,2026-02-19 03:42:37.862,1,6.5,6.171402,34.001983333333335,4comp
POX58,2026-02-19 14:40:40.166,1,6.5,6.397456,6.00035,4comp
POX58,2026-02-19 16:40:40.585,1,6.5,6.072272,39.00228333333334,4comp
POX58,2026-02-19 20:57:41.483,1,6.5,6.483365,1.00005,4comp
POX58,2026-02-20 04:50:43.129,1,6.5,6.241989,3.0001666666666664,4comp
POX58,2026-02-20 21:48:46.533,1,6.5,6.398901,46.00261666666667,4comp
POX58,2026-02-22 06:29:53.050,1,6.5,6.384542,30.001683333333336,4comp
POX58,2026-02-22 21:14:55.893,1,6.5,6.387073,12.00065,4comp
POX58,2026-02-23 17:39:00.038,1,6.5,6.486571,4.000233333333333,4comp
POX58,2026-02-25 01:27:06.712,1,6.5,6.429986,27.0016,4comp
POX58,2026-02-25 17:00:09.956,1,6.5,6.254486,12.000666666666666,4comp
POX58,2026-02-26 18:47:15.313,1,6.5,6.088731,156.00901666666667,4comp
POX58,2026-02-27 13:18:19.081,1,6.5,6.257708,2.0001,4comp
POX58,2026-02-28 02:55:21.839,1,6.5,6.264992,6.00035,4comp
POX58,2026-02-28 05:55:22.472,1,6.5,6.257883,12.0007,4comp
POX58,2026-03-01 09:57:28.320,1,6.5,5.88597,16.000899999999998,4comp
POX58,2026-03-07 17:55:59.787,1,6.5,6.211716,5.000266666666667,4comp
POX58,2026-03-08 05:23:02.058,1,6.5,6.485476,71.00403333333334,4comp
POX58,2026-03-08 22:27:05.460,1,6.5,5.79995,52.00273333333334,4comp
POX58,2026-03-09 00:15:05.803,1,6.5,6.286541,136.00728333333333,4comp
POX58,2026-03-09 10:30:14.940,1,6.5,6.132116,77.00443333333332,4comp
POX58,2026-03-10 08:34:19.376,1,13.5,6.745493,0.0,4comp
POX58,2026-03-11 08:52:24.040,1,6.5,6.418073,34.0019,4comp
POX58,2026-03-14 11:36:39.528,1,6.5,6.446871,2.0001166666666665,4comp
POX58,2026-03-15 16:55:45.776,1,13.5,6.344342,213.0125666666667,4comp
POX58,2026-03-16 05:02:48.347,1,13.5,6.826462,0.0,4comp
POX58,2026-03-16 11:31:49.729,1,13.5,6.414851,,4comp
POX58,2026-03-16 14:46:50.424,1,13.5,7.456528,315.0187666666667,4comp
POX58,2026-03-16 15:00:50.474,1,13.5,6.852281,301.01793333333336,4comp
POX58,2026-03-18 17:01:01.059,1,6.5,6.446973,2.0001166666666665,4comp
POX58,2026-03-30 15:49:22.267,1,6.5,6.212625,88.32991666666666,4comp
POX58,2026-03-30 17:21:42.076,1,6.5,6.070588,9.000499999999999,4comp
POX58,2026-04-02 05:11:54.841,1,6.5,6.384781,1.00005,4comp
POX58,2026-04-02 17:42:57.506,1,6.5,6.390585,21.001250000000002,4comp
POX58,2026-04-02 21:52:58.397,1,6.5,6.137088,121.00725000000001,4comp
POX58,2026-04-02 22:02:58.433,1,6.5,6.068533,111.00665000000001,4comp
POX58,2026-04-03 11:42:01.353,1,6.5,5.942614,61.00366666666666,4comp
POX58,2026-04-05 21:35:13.744,1,6.2,6.025192,38.002250000000004,4comp
POX58,2026-04-06 23:20:19.231,1,6.2,6.122925,7.000416666666666,4comp
POX58,2026-04-08 10:45:26.763,1,6.2,5.778527,101.006,4comp
POX58,2026-04-16 21:11:09.904,1,6.5,6.421416,3.000183333333333,4comp
POX58,2026-04-17 05:08:11.602,1,6.5,6.351236,1.0000666666666667,4comp
POX58,2026-04-17 20:29:14.907,1,6.5,6.353736,5.000299999999999,4comp
POX58,2026-04-18 02:53:16.279,1,6.5,6.43922,1.00005,4comp
POX58,2026-04-18 08:10:17.415,1,6.5,6.402658,6.00035,4comp
POX58,2026-04-18 08:26:17.471,1,6.5,6.250393,2.0001333333333333,4comp
POX58,2026-04-18 12:53:18.424,1,6.5,6.471532,5.000283333333333,4comp
POX58,2026-04-18 16:54:19.292,1,6.5,6.45339,7.000416666666666,4comp
POX58,2026-04-20 01:18:26.250,1,6.5,6.401481,12.000733333333333,4comp
POX58,2026-04-20 05:32:27.170,1,6.5,6.406,13.000783333333334,4comp
POX58,2026-04-22 06:55:37.801,1,6.5,6.2903,66.0039,4comp
POX58,2026-04-25 07:01:53.283,1,6.5,6.36758,60.00358333333334,4comp
POX58,2026-04-27 01:33:02.374,1,6.5,6.261049,88.00523333333334,4comp
POX58,2026-04-27 17:16:05.738,1,6.5,5.86774,73.00435,4comp
POX58,2026-04-28 10:42:09.499,1,6.5,6.362446,24.001433333333335,4comp
POX58,2026-04-28 16:37:10.768,1,6.5,6.457992,17.00101666666667,4comp
POX58,2026-04-29 12:14:15.002,1,6.5,6.455047,1.0000666666666667,4comp
POX58,2026-04-30 11:45:20.078,1,6.5,6.480125,1.0000666666666667,4comp
POX58,2026-05-01 09:33:24.783,1,6.5,6.349508,63.00373333333334,4comp
POX58,2026-05-01 21:15:27.302,1,6.5,6.326339,40.002399999999994,4comp
POX58,2026-05-02 01:35:28.241,1,6.5,6.381446,7.000416666666666,4comp
POX58,2026-05-02 02:15:28.386,1,6.5,6.067737,21.001283333333333,4comp
POX58,2026-05-02 16:20:31.408,1,6.5,6.309522,69.00413333333333,4comp
POX58,2026-05-03 20:46:37.477,1,6.5,6.039033,14.000833333333333,4comp
POX58,2026-05-04 03:01:38.823,1,6.5,6.333209,24.00145,4comp
POX58,2026-05-04 04:16:39.093,1,6.5,6.391539,16.00095,4comp
POX58,2026-05-04 08:32:40.011,1,6.5,5.781734,2.0001166666666665,4comp
POX58,2026-05-06 03:40:49.332,1,6.5,6.268754,5.000299999999999,4comp
POX58,2026-05-15 16:13:38.425,1,6.5,6.201006,99.00593333333333,4comp
POX58,2026-05-18 04:45:51.476,1,6.5,6.447511,1.0000666666666667,4comp
POX58,2026-05-20 12:09:39.299,1,6.5,0.0,,4comp
POX58,2026-05-20 12:28:39.369,1,6.5,0.0,,4comp
POX58,2026-05-20 21:03:41.171,1,6.5,0.0,,4comp
POX6,2026-02-27 15:03:58.237,1,6.5,6.165855,,4comp
POX6,2026-02-27 15:32:58.289,1,6.5,6.165855,,4comp
POX6,2026-03-03 11:40:59.713,1,6.5,6.165855,,4comp
POX6,2026-03-03 12:13:59.776,1,6.5,6.165855,,4comp
POX6,2026-03-03 13:12:59.884,1,6.5,0.0,,4comp
POX6,2026-03-07 13:27:34.968,1,5.5,4.877789,0.0,4comp
POX6,2026-03-07 15:25:09.085,1,5.5,4.725767,16.000466666666668,4comp
POX6,2026-03-07 17:15:09.266,1,5.5,5.040683,22.000533333333333,4comp
POX6,2026-03-08 17:09:11.591,1,5.5,5.447553,16.00035,4comp
POX6,2026-03-09 09:36:13.081,1,5.5,4.460543,43.0013,4comp
POX6,2026-03-09 17:20:39.447,1,5.5,4.464967,87.00223333333334,4comp
POX6,2026-03-10 19:58:26.555,1,5.5,4.913477,15.0004,4comp
POX6,2026-03-13 05:31:32.234,1,5.5,5.30605,35.00105,4comp
POX6,2026-03-14 05:57:34.746,1,5.5,5.39774,7.000216666666666,4comp
POX6,2026-03-14 06:22:34.792,1,5.5,5.293204,37.001133333333335,4comp
POX6,2026-03-16 15:34:41.125,1,5.5,5.228586,21.00065,4comp
POX6,2026-03-16 18:39:41.468,1,5.5,5.036325,13.0004,4comp
POX6,2026-03-16 19:59:41.615,1,5.5,5.43165,2.0000666666666667,4comp
POX6,2026-03-17 21:30:44.454,1,5.5,5.16786,52.001549999999995,4comp
POX6,2026-03-17 22:55:44.606,1,5.5,5.347235,32.00096666666666,4comp
POX6,2026-03-18 13:20:46.183,1,5.5,5.215063,10.000300000000001,4comp
POX6,2026-03-18 15:05:46.371,1,5.5,5.326146,62.00185,4comp
POX6,2026-03-19 20:31:49.520,1,5.5,5.40391,45.00138333333334,4comp
POX6,2026-03-20 01:11:50.043,1,5.5,5.391161,5.0001500000000005,4comp
POX6,2026-03-20 09:07:50.945,1,5.5,5.426506,16.0005,4comp
POX6,2026-03-20 13:27:51.430,1,5.5,5.322054,5.0001500000000005,4comp
POX6,2026-03-21 00:27:52.621,1,5.5,5.363457,64.00198333333334,4comp
POX6,2026-03-21 02:02:52.797,1,5.5,5.382166,7.000216666666666,4comp
POX6,2026-03-22 00:03:17.376,1,5.5,5.228336,17.000533333333333,4comp
POX6,2026-03-22 01:19:17.518,1,5.5,5.442014,8.00025,4comp
POX6,2026-03-22 09:06:18.398,1,5.5,5.228654,10.000316666666667,4comp
POX6,2026-03-22 19:41:19.591,1,5.5,5.278247,28.000866666666663,4comp
POX6,2026-03-23 02:11:20.324,1,5.5,5.450634,16.000516666666666,4comp
POX6,2026-03-23 09:27:21.147,1,5.5,5.494053,2.0000666666666667,4comp
POX6,2026-03-23 09:57:21.204,1,5.5,5.494062,3.0001,4comp
POX6,2026-03-25 02:42:25.859,1,5.5,5.364223,13.000416666666666,4comp
POX6,2026-03-25 03:07:25.908,1,5.5,5.451655,3.0000833333333334,4comp
POX6,2026-03-25 03:57:26.004,1,5.5,5.466481,2.0000666666666667,4comp
POX6,2026-03-25 16:08:27.397,1,5.5,5.495741,2.0000666666666667,4comp
POX6,2026-03-25 16:43:27.463,1,5.5,5.333813,6.000183333333334,4comp
POX6,2026-03-26 08:16:29.213,1,5.5,5.395734,4.000116666666667,4comp
POX6,2026-03-27 06:20:31.665,1,5.5,5.349909,2.0000666666666667,4comp
POX6,2026-03-28 05:31:34.195,1,5.5,5.439726,5.000166666666667,4comp
POX6,2026-03-28 23:46:36.094,1,5.5,5.448854,14.0004,4comp
POX6,2026-04-05 15:20:56.477,1,5.5,5.489778,1.0000333333333333,4comp
POX6,2026-04-26 13:59:17.097,1,13.5,9.916335,0.0,4comp
POX6,2026-04-27 08:55:19.237,1,13.5,10.77097,0.0,4comp
POX6,2026-05-02 09:15:32.844,1,13.5,7.201839,0.0,4comp
POX6,2026-05-11 14:59:20.702,1,6.0,4.984438,,4comp
POX6,2026-05-16 09:19:33.608,1,6.0,5.402886,194.00628333333333,4comp
POX6,2026-05-16 09:34:33.637,1,6.0,5.673622,179.0058,4comp
POX6,2026-05-16 09:49:33.666,1,6.0,5.936307,164.00531666666666,4comp
POX6,2026-05-16 11:03:33.810,1,6.0,5.262366,90.00291666666666,4comp
POX62,2026-02-02 08:27:52.433,1,6.5,5.831678,38.001,4comp
POX62,2026-02-02 18:27:53.373,1,13.5,8.718485,0.0,4comp
POX62,2026-02-05 16:06:59.410,1,6.5,6.078284,49.00128333333334,4comp
POX62,2026-02-16 09:10:22.677,1,13.5,7.051243,314.0086,4comp
POX62,2026-02-25 04:40:43.792,1,6.5,6.42567,14.000433333333332,4comp
POX62,2026-03-07 12:53:10.201,1,6.5,5.191452,10.000283333333334,4comp
POX62,2026-03-09 06:31:14.473,1,13.0,7.997682,0.0,4comp
POX62,2026-03-09 07:08:14.541,1,13.0,9.225677,0.0,4comp
POX62,2026-03-13 14:24:25.225,1,13.0,7.064548,,4comp
POX62,2026-03-15 07:27:29.862,1,6.0,5.611749,24.00075,4comp
POX62,2026-03-15 21:27:31.355,1,6.0,5.476984,111.00345,4comp
POX62,2026-03-16 18:58:33.817,1,6.0,5.584649,236.00725,4comp
POX62,2026-03-25 19:25:46.511,1,5.0,4.967552,7.000216666666666,4comp
POX62,2026-04-08 01:38:19.876,1,5.0,4.938537,4.000133333333333,4comp
POX62,2026-04-12 02:03:30.218,1,5.0,4.910507,8.00025,4comp
POX62,2026-04-12 16:00:31.674,1,12.0,6.691658,,4comp
POX62,2026-04-16 23:32:30.270,1,5.0,4.984368,2.0000666666666667,4comp
POX62,2026-04-18 20:40:35.439,1,5.0,4.824237,21.00068333333333,4comp
POX8,2026-02-01 00:00:07.240,1,11.0,8.100225,,4comp
POX8,2026-02-02 12:44:11.519,1,11.0,4.980899,,4comp
POX8,2026-02-10 10:41:36.231,1,6.0,4.462187,29.001383333333333,4comp
POX8,2026-02-10 14:14:36.816,1,6.0,5.077235,0.0,4comp
POX8,2026-02-10 14:37:36.875,1,6.0,4.666276,22.00095,4comp
POX8,2026-02-16 23:30:00.001,1,13.0,5.801666,,4comp
POX8,2026-02-19 12:33:33.866,1,8.0,7.528926,21.00091666666667,4comp
POX8,2026-02-19 19:22:34.717,1,8.0,5.880981,256.0094833333333,4comp
POX8,2026-02-21 13:53:07.587,1,6.0,5.494654,0.0,4comp
POX8,2026-03-04 04:06:44.990,1,6.0,5.82405,2.0000833333333334,4comp
POX8,2026-03-05 01:22:48.478,1,6.0,5.964178,14.000683333333335,4comp
POX8,2026-03-07 04:09:56.356,1,6.0,5.84623,12.00055,4comp
POX8,2026-03-07 13:07:57.784,1,6.0,5.257024,30.00136666666667,4comp
POX8,2026-03-11 21:40:13.060,1,11.0,6.546721,,4comp
POX8,2026-03-25 06:26:06.696,1,11.0,9.06883,0.0,4comp
POX8,2026-03-25 08:25:24.278,1,11.0,9.05097,,4comp
POX8,2026-03-26 07:00:28.107,1,11.0,9.244072,0.0,4comp
POX8,2026-03-26 07:44:28.236,1,11.0,9.26968,0.0,4comp
POX8,2026-03-26 08:44:28.410,1,11.0,9.432106,0.0,4comp
POX8,2026-04-15 08:34:35.560,1,6.0,2.363863,0.0,4comp
POX8,2026-04-15 10:58:35.990,1,6.0,2.537625,0.0,4comp
POX8,2026-04-15 11:18:36.049,1,6.0,2.624342,192.00916666666666,4comp
POX8,2026-04-16 23:34:42.209,1,1.0,0.9197947,23.001116666666668,4comp
POX8,2026-04-17 18:34:45.575,1,1.0,0.9725087,1.00005,4comp
POX8,2026-04-17 19:34:45.753,1,1.0,0.9930373,1.0000333333333333,4comp
POX8,2026-04-18 02:21:46.958,1,1.0,0.434185,8.0004,4comp
POX8,2026-04-18 04:55:47.414,1,1.0,0.5554722,9.000433333333332,4comp
POX8,2026-04-18 08:15:48.003,1,1.0,0.8562194,29.001416666666668,4comp
POX8,2026-04-18 09:10:48.165,1,1.0,0.3473919,28.00136666666667,4comp
POX8,2026-04-18 10:55:48.472,1,1.0,0.5274737,85.00418333333333,4comp
POX9,2026-02-13 19:53:36.804,1,5.5,2.842153,233.01156666666665,4comp
POX9,2026-02-17 20:42:13.618,1,5.5,5.47532,148.00726666666665,4comp
POX9,2026-02-18 04:59:15.141,1,5.5,5.083288,41.00216666666667,4comp
POX9,2026-02-19 12:06:20.612,1,5.5,4.53995,204.00871666666666,4comp
POX9,2026-02-19 13:16:20.801,1,5.5,4.490055,134.00556666666665,4comp
POX9,2026-02-20 06:14:23.499,1,5.5,5.484994,3.0001499999999997,4comp
POX9,2026-02-20 13:31:24.737,1,5.5,4.912711,15.000599999999999,4comp
POX9,2026-02-21 08:35:27.833,1,5.5,5.41728,7.00035,4comp
POX9,2026-02-22 18:33:33.446,1,5.5,5.482583,39.00171666666667,4comp
POX9,2026-02-22 23:04:34.179,1,5.5,5.215247,97.00466666666667,4comp
POX9,2026-02-23 06:57:35.581,1,5.5,5.455802,42.002116666666666,4comp
POX9,2026-02-23 08:24:35.844,1,5.5,5.184734,21.001050000000003,4comp
POX9,2026-02-23 08:57:35.943,1,5.5,5.241045,1.00005,4comp
POX9,2026-02-25 06:33:43.660,1,5.5,5.348549,5.000249999999999,4comp
POX9,2026-02-28 12:54:56.704,1,5.5,4.959438,40.00188333333333,4comp
POX9,2026-03-01 04:18:59.223,1,5.5,5.074254,19.000883333333334,4comp
POX9,2026-03-01 10:53:00.331,1,5.5,5.486065,1.00005,4comp
POX9,2026-03-01 18:43:01.742,1,5.5,5.351128,1.00005,4comp
POX9,2026-03-01 22:20:02.415,1,5.5,5.478926,1.0000666666666667,4comp
POX9,2026-03-02 08:17:04.342,1,5.5,5.016438,55.002950000000006,4comp
POX9,2026-03-02 14:01:05.418,1,5.5,4.991092,17.000883333333334,4comp
POX9,2026-03-02 15:17:05.651,1,5.5,5.375378,6.0003166666666665,4comp
POX9,2026-03-03 00:25:07.392,1,5.5,5.426934,39.00208333333333,4comp
POX9,2026-03-03 10:02:09.251,1,5.5,5.186141,10.00055,4comp
POX9,2026-03-04 10:40:14.005,1,5.5,5.416023,277.0129166666667,4comp
POX9,2026-03-04 19:00:15.395,1,5.5,5.392716,13.000633333333333,4comp
POX9,2026-03-06 20:29:24.137,1,5.5,4.841905,,4comp
POX9,2026-03-09 20:50:36.200,1,5.5,5.401019,,4comp
POX9,2026-03-15 12:19:00.002,1,5.5,4.208066,,4comp
POX9,2026-03-18 12:10:13.612,1,5.5,4.223953,,4comp
POX9,2026-03-20 13:12:22.886,1,5.5,4.173456,,4comp
POX9,2026-03-20 13:44:19.720,1,5.5,4.225659,,4comp
POX9,2026-03-24 00:55:17.532,1,5.5,5.334048,250.01343333333335,4comp
POX9,2026-04-01 10:21:53.929,1,5.5,3.849698,165.00843333333333,4comp
POX9,2026-04-01 13:17:54.468,1,5.5,3.786129,,4comp
POX9,2026-04-01 22:10:56.032,1,5.5,4.365778,,4comp
POX9,2026-04-02 19:58:00.002,1,5.5,4.052046,,4comp
POX9,2026-04-04 01:48:05.411,1,5.5,5.333675,,4comp
POX9,2026-04-04 13:46:07.653,1,5.5,5.400408,,4comp
POX9,2026-04-08 08:10:23.626,1,5.5,5.499951,4.000233333333333,4comp
POX9,2026-04-11 03:50:35.931,1,5.5,5.427161,,4comp
POX9,2026-04-12 11:09:41.727,1,5.5,5.416569,83.00435,4comp
POX9,2026-04-12 13:46:42.213,1,5.5,5.496066,1.00005,4comp
POX9,2026-04-14 18:41:52.329,1,5.5,4.924706,,4comp
POX9,2026-04-15 10:42:55.458,1,5.5,5.184741,,4comp
POX9,2026-04-16 11:14:59.979,1,15.5,4.276924,,4comp
POX9,2026-04-22 12:34:27.823,1,5.5,3.633366,,4comp
POX9,2026-05-05 16:45:26.921,1,5.5,4.164002,,4comp
POX9,2026-05-08 22:04:41.808,1,15.5,4.322483,,4comp
POX9,2026-05-08 22:13:41.837,1,15.5,4.253401,,4comp
POX9,2026-05-08 22:23:41.869,1,15.5,4.231829,,4comp
POX9,2026-05-08 22:33:41.901,1,15.5,4.217889,,4comp
POX9,2026-05-08 22:43:41.933,1,15.5,4.165843,,4comp
POX9,2026-05-08 22:53:41.966,1,15.5,4.166912,,4comp
POX9,2026-05-08 23:03:41.998,1,15.5,4.142805,,4comp
POX9,2026-05-08 23:13:42.030,1,15.5,4.013615,,4comp
POX9,2026-05-08 23:23:42.063,1,15.5,4.117691,,4comp
POX9,2026-05-08 23:33:42.095,1,15.5,4.10382,,4comp
POX9,2026-05-08 23:43:42.128,1,15.5,4.193458,,4comp
POX9,2026-05-08 23:53:42.161,1,15.5,4.076134,,4comp
POX9,2026-05-09 00:03:42.193,1,15.5,4.042448,,4comp
POX9,2026-05-09 00:13:42.226,1,15.5,4.071074,,4comp
POX9,2026-05-09 00:23:42.259,1,15.5,3.999445,,4comp
POX9,2026-05-09 00:33:42.291,1,15.5,3.953884,,4comp
POX9,2026-05-09 00:43:42.324,1,15.5,3.995895,,4comp
POX9,2026-05-09 00:53:42.357,1,15.5,3.945669,,4comp
POX9,2026-05-09 01:03:42.390,1,15.5,3.833373,,4comp
POX9,2026-05-09 01:13:42.423,1,15.5,3.680246,,4comp
POX9,2026-05-09 01:23:42.455,1,15.5,3.682716,,4comp
POX9,2026-05-09 01:33:42.488,1,15.5,3.771003,,4comp
POX9,2026-05-09 01:43:42.521,1,15.5,3.789216,,4comp
POX9,2026-05-09 01:53:42.553,1,15.5,3.97982,,4comp
POX9,2026-05-09 02:03:42.586,1,15.5,4.119714,,4comp
POX9,2026-05-09 02:13:42.619,1,15.5,4.169528,,4comp
POX9,2026-05-09 02:23:42.652,1,15.5,4.460496,,4comp
POX9,2026-05-09 02:33:42.684,1,15.5,4.465285,,4comp
POX9,2026-05-09 02:43:42.717,1,15.5,4.433159,,4comp
POX9,2026-05-09 02:53:42.749,1,15.5,4.433194,,4comp
POX9,2026-05-09 03:03:42.782,1,15.5,4.364409,,4comp
POX9,2026-05-09 03:13:42.815,1,15.5,4.338381,,4comp
POX9,2026-05-09 03:23:42.848,1,15.5,4.447082,,4comp
POX9,2026-05-09 03:33:42.881,1,15.5,4.676697,,4comp
POX9,2026-05-09 03:43:42.913,1,15.5,4.703577,,4comp
POX9,2026-05-09 03:53:42.946,1,15.5,4.690595,,4comp
POX9,2026-05-09 04:03:42.979,1,15.5,4.601021,,4comp
POX9,2026-05-09 04:13:43.012,1,15.5,4.60216,,4comp
POX9,2026-05-09 04:23:43.045,1,15.5,4.551614,,4comp
POX9,2026-05-09 04:33:43.078,1,15.5,4.4782,,4comp
POX9,2026-05-09 04:43:43.111,1,15.5,4.505265,,4comp
POX9,2026-05-09 04:53:43.144,1,15.5,4.41358,,4comp
POX9,2026-05-09 05:03:43.177,1,15.5,4.513575,,4comp
POX9,2026-05-09 05:13:43.209,1,15.5,4.588401,,4comp
POX9,2026-05-09 05:23:43.242,1,15.5,4.75499,,4comp
POX9,2026-05-09 05:33:43.275,1,15.5,4.806953,,4comp
POX9,2026-05-09 05:43:43.308,1,15.5,4.847637,,4comp
POX9,2026-05-09 05:53:43.341,1,15.5,4.770277,,4comp
POX9,2026-05-09 06:03:43.374,1,15.5,4.734012,,4comp
POX9,2026-05-09 06:13:43.407,1,15.5,4.428778,,4comp
POX9,2026-05-09 06:23:43.440,1,15.5,4.511897,,4comp
POX9,2026-05-09 06:33:43.473,1,15.5,4.425038,,4comp
POX9,2026-05-09 06:43:43.506,1,15.5,4.32366,,4comp
POX9,2026-05-09 06:53:43.539,1,15.5,4.245109,,4comp
POX9,2026-05-09 07:03:43.572,1,15.5,4.171045,,4comp
POX9,2026-05-09 07:13:43.605,1,15.5,4.084156,,4comp
POX9,2026-05-09 07:23:43.638,1,15.5,3.973336,,4comp
POX9,2026-05-09 07:33:43.670,1,15.5,3.906487,,4comp
POX9,2026-05-09 07:43:43.703,1,15.5,3.934907,,4comp
POX9,2026-05-09 07:53:43.736,1,15.5,3.915877,,4comp
POX9,2026-05-09 08:03:43.769,1,15.5,3.893081,,4comp
POX9,2026-05-09 08:13:43.803,1,15.5,3.888112,,4comp
POX9,2026-05-09 08:23:43.836,1,15.5,4.016608,,4comp
POX9,2026-05-09 08:33:43.869,1,15.5,3.989505,,4comp
POX9,2026-05-09 08:43:43.902,1,15.5,3.879585,,4comp
POX9,2026-05-09 08:53:43.934,1,15.5,3.868532,,4comp
POX9,2026-05-09 09:03:43.967,1,15.5,3.878551,,4comp
POX9,2026-05-09 09:13:44.001,1,15.5,3.845193,,4comp
POX9,2026-05-09 09:23:44.034,1,15.5,3.819742,,4comp
POX9,2026-05-09 09:33:44.067,1,15.5,3.80569,,4comp
POX9,2026-05-09 09:43:44.100,1,15.5,3.72687,,4comp
POX9,2026-05-09 09:53:44.133,1,15.5,3.740904,,4comp
POX9,2026-05-09 10:03:44.165,1,15.5,3.805541,,4comp
POX9,2026-05-09 10:13:44.198,1,15.5,3.918446,,4comp
POX9,2026-05-09 10:23:44.231,1,15.5,4.046429,,4comp
POX9,2026-05-09 10:33:44.264,1,15.5,4.060308,,4comp
POX9,2026-05-09 10:43:44.297,1,15.5,4.238514,,4comp
POX9,2026-05-09 10:53:44.329,1,15.5,3.969167,,4comp
POX9,2026-05-09 11:03:44.362,1,15.5,3.927655,,4comp
POX9,2026-05-09 11:13:44.394,1,15.5,3.925293,,4comp
POX9,2026-05-09 11:23:44.426,1,15.5,3.838076,,4comp
POX9,2026-05-09 11:33:44.459,1,15.5,3.810262,,4comp
POX9,2026-05-09 11:43:44.491,1,15.5,3.778064,,4comp
POX9,2026-05-09 11:53:44.523,1,15.5,3.753311,,4comp
POX9,2026-05-09 12:03:44.555,1,15.5,3.742893,,4comp
POX9,2026-05-09 12:13:44.587,1,15.5,3.837924,,4comp
POX9,2026-05-09 12:23:44.618,1,15.5,3.833711,,4comp
POX9,2026-05-09 12:33:44.650,1,15.5,3.869707,,4comp
POX9,2026-05-09 12:43:44.681,1,15.5,3.868009,,4comp
POX9,2026-05-09 12:53:44.713,1,15.5,3.796303,,4comp
POX9,2026-05-09 13:03:44.744,1,15.5,3.855879,,4comp
POX9,2026-05-09 13:13:44.776,1,15.5,3.997321,,4comp
POX9,2026-05-09 13:23:44.808,1,15.5,4.035543,,4comp
POX9,2026-05-09 13:33:44.839,1,15.5,4.092494,,4comp
POX9,2026-05-09 13:43:44.871,1,15.5,3.937503,,4comp
POX9,2026-05-09 13:53:44.903,1,15.5,3.812118,,4comp
POX9,2026-05-09 14:03:44.934,1,15.5,3.909374,,4comp
POX9,2026-05-09 14:13:44.966,1,15.5,3.833107,,4comp
POX9,2026-05-09 14:23:44.997,1,15.5,3.793829,,4comp
POX9,2026-05-09 14:33:45.029,1,15.5,3.783723,,4comp
POX9,2026-05-09 14:43:45.060,1,15.5,3.892514,,4comp
POX9,2026-05-09 14:53:45.091,1,15.5,3.907632,,4comp
POX9,2026-05-09 15:03:45.123,1,15.5,3.906572,,4comp
POX9,2026-05-09 15:13:45.154,1,15.5,3.978225,,4comp
POX9,2026-05-09 15:23:45.185,1,15.5,3.875755,,4comp
POX9,2026-05-09 15:33:45.217,1,15.5,3.89582,,4comp
POX9,2026-05-09 15:43:45.248,1,15.5,3.744358,,4comp
POX9,2026-05-09 15:53:45.279,1,15.5,3.96063,,4comp
POX9,2026-05-09 16:03:45.310,1,15.5,4.068111,,4comp
POX9,2026-05-09 16:13:45.342,1,15.5,4.081812,,4comp
POX9,2026-05-09 16:23:45.373,1,15.5,4.172358,,4comp
POX9,2026-05-09 16:33:45.404,1,15.5,4.162211,,4comp
POX9,2026-05-09 16:43:45.435,1,15.5,4.338925,,4comp
POX9,2026-05-09 16:53:45.466,1,15.5,4.106643,,4comp
POX9,2026-05-09 17:03:45.497,1,15.5,3.987846,,4comp
POX9,2026-05-09 17:13:45.528,1,15.5,3.950625,,4comp
POX9,2026-05-09 17:23:45.559,1,15.5,4.04564,,4comp
POX9,2026-05-09 17:33:45.590,1,15.5,4.059927,,4comp
POX9,2026-05-09 17:43:45.622,1,15.5,4.170291,,4comp
POX9,2026-05-09 17:53:45.653,1,15.5,4.402835,,4comp
POX9,2026-05-09 18:03:45.684,1,15.5,4.305361,,4comp
POX9,2026-05-09 18:13:45.715,1,15.5,4.094497,,4comp
POX9,2026-05-09 18:23:45.746,1,15.5,4.082499,,4comp
POX9,2026-05-09 18:33:45.778,1,15.5,3.973705,,4comp
POX9,2026-05-09 18:43:45.809,1,15.5,3.928349,,4comp
POX9,2026-05-09 18:53:45.841,1,15.5,3.947173,,4comp
POX9,2026-05-09 19:03:45.873,1,15.5,4.154856,,4comp
POX9,2026-05-09 19:13:45.904,1,15.5,4.357874,,4comp
POX9,2026-05-09 19:23:45.936,1,15.5,4.512227,,4comp
POX9,2026-05-09 19:33:45.968,1,15.5,4.475214,,4comp
POX9,2026-05-09 19:43:46.000,1,15.5,4.463235,,4comp
POX9,2026-05-09 19:53:46.033,1,15.5,4.250363,,4comp
POX9,2026-05-09 20:03:46.065,1,15.5,4.087005,,4comp
POX9,2026-05-09 20:13:46.098,1,15.5,3.963932,,4comp
POX9,2026-05-09 20:23:46.130,1,15.5,3.883365,,4comp
POX9,2026-05-09 20:33:46.163,1,15.5,3.853145,,4comp
POX9,2026-05-09 20:43:46.195,1,15.5,3.824598,,4comp
POX9,2026-05-09 20:53:46.228,1,15.5,3.794153,,4comp
POX9,2026-05-09 21:03:46.261,1,15.5,3.790773,,4comp
POX9,2026-05-09 21:13:46.293,1,15.5,3.808418,,4comp
POX9,2026-05-09 21:23:46.326,1,15.5,3.782049,,4comp
POX9,2026-05-09 21:33:46.359,1,15.5,3.776463,,4comp
POX9,2026-05-09 21:43:46.392,1,15.5,3.866315,,4comp
POX9,2026-05-09 21:53:46.424,1,15.5,3.89387,,4comp
POX9,2026-05-09 22:03:46.457,1,15.5,4.035159,,4comp
POX9,2026-05-09 22:13:46.490,1,15.5,4.136254,,4comp
POX9,2026-05-09 22:23:46.523,1,15.5,4.113165,,4comp
POX9,2026-05-09 22:33:46.555,1,15.5,4.057716,,4comp
POX9,2026-05-09 22:43:46.588,1,15.5,4.056974,,4comp
POX9,2026-05-09 22:53:46.621,1,15.5,4.040737,,4comp
POX9,2026-05-09 23:03:46.654,1,15.5,4.027223,,4comp
POX9,2026-05-09 23:13:46.687,1,15.5,4.052189,,4comp
POX9,2026-05-09 23:23:46.720,1,15.5,4.000257,,4comp
POX9,2026-05-09 23:33:46.753,1,15.5,4.06906,,4comp
POX9,2026-05-09 23:43:46.786,1,15.5,4.005744,,4comp
POX9,2026-05-09 23:53:46.819,1,15.5,4.125234,,4comp
POX9,2026-05-10 00:03:46.852,1,15.5,4.338814,,4comp
POX9,2026-05-10 00:13:46.885,1,15.5,4.549998,,4comp
POX9,2026-05-10 00:23:46.918,1,15.5,4.546538,,4comp
POX9,2026-05-10 00:33:46.951,1,15.5,4.425401,,4comp
POX9,2026-05-10 00:43:46.984,1,15.5,4.329582,,4comp
POX9,2026-05-10 00:53:47.016,1,15.5,4.187877,,4comp
POX9,2026-05-10 01:03:47.049,1,15.5,4.029395,,4comp
POX9,2026-05-10 01:13:47.082,1,15.5,4.131088,,4comp
POX9,2026-05-10 01:23:47.115,1,15.5,4.302536,,4comp
POX9,2026-05-10 01:33:47.148,1,15.5,4.295023,,4comp
POX9,2026-05-10 01:43:47.181,1,15.5,4.287068,,4comp
POX9,2026-05-10 01:53:47.214,1,15.5,4.10619,,4comp
POX9,2026-05-10 02:03:47.247,1,15.5,3.884203,,4comp
POX9,2026-05-10 02:13:47.280,1,15.5,3.931431,,4comp
POX9,2026-05-10 02:23:47.313,1,15.5,4.169935,,4comp
POX9,2026-05-10 02:33:47.346,1,15.5,4.114301,,4comp
POX9,2026-05-10 02:43:47.379,1,15.5,3.944774,,4comp
POX9,2026-05-10 02:53:47.412,1,15.5,3.968404,,4comp
POX9,2026-05-10 03:03:47.445,1,15.5,3.909057,,4comp
POX9,2026-05-10 03:13:47.477,1,15.5,3.724475,,4comp
POX9,2026-05-10 03:23:47.510,1,15.5,3.683265,,4comp
POX9,2026-05-10 03:33:47.544,1,15.5,3.715118,,4comp
POX9,2026-05-10 03:43:47.576,1,15.5,3.672945,,4comp
POX9,2026-05-10 03:53:47.609,1,15.5,3.665628,,4comp
POX9,2026-05-10 04:03:47.642,1,15.5,3.526867,,4comp
POX9,2026-05-10 04:13:47.675,1,15.5,3.49761,,4comp
POX9,2026-05-10 04:23:47.708,1,15.5,3.495718,,4comp
POX9,2026-05-10 04:33:47.741,1,15.5,3.45217,,4comp
POX9,2026-05-10 04:43:47.774,1,15.5,3.516689,,4comp
POX9,2026-05-10 04:53:47.807,1,15.5,3.619158,,4comp
POX9,2026-05-10 05:03:47.840,1,15.5,3.523968,,4comp
POX9,2026-05-10 05:13:47.873,1,15.5,3.51397,,4comp
POX9,2026-05-10 05:23:47.906,1,15.5,3.586931,,4comp
POX9,2026-05-10 05:33:47.939,1,15.5,3.497339,,4comp
POX9,2026-05-10 05:43:47.972,1,15.5,3.532957,,4comp
POX9,2026-05-10 05:53:48.005,1,15.5,3.484581,,4comp
POX9,2026-05-10 06:03:48.038,1,15.5,3.476911,,4comp
POX9,2026-05-10 06:13:48.071,1,15.5,3.581967,,4comp
POX9,2026-05-10 06:23:48.104,1,15.5,3.735097,,4comp
POX9,2026-05-10 06:33:48.137,1,15.5,3.85353,,4comp
POX9,2026-05-10 06:43:48.170,1,15.5,3.860005,,4comp
POX9,2026-05-10 06:53:48.202,1,15.5,3.938503,,4comp
POX9,2026-05-10 07:03:48.235,1,15.5,4.002765,,4comp
POX9,2026-05-10 07:13:48.268,1,15.5,4.082258,,4comp
POX9,2026-05-10 07:23:48.301,1,15.5,3.998826,,4comp
POX9,2026-05-10 07:33:48.334,1,15.5,4.108397,,4comp
POX9,2026-05-10 07:43:48.368,1,15.5,3.961854,,4comp
POX9,2026-05-10 07:53:48.401,1,15.5,3.830473,,4comp
POX9,2026-05-10 08:03:48.434,1,15.5,3.701591,,4comp
POX9,2026-05-10 08:13:48.467,1,15.5,3.592634,,4comp
POX9,2026-05-10 08:23:48.500,1,15.5,3.571149,,4comp
POX9,2026-05-10 08:33:48.533,1,15.5,3.495187,,4comp
POX9,2026-05-10 08:43:48.566,1,15.5,3.429312,,4comp
POX9,2026-05-10 08:53:48.599,1,15.5,3.408582,,4comp
POX9,2026-05-10 09:03:48.632,1,15.5,3.326126,,4comp
POX9,2026-05-10 09:13:48.665,1,15.5,3.434246,,4comp
POX9,2026-05-10 09:23:48.698,1,15.5,3.477603,,4comp
POX9,2026-05-10 09:32:48.727,1,15.5,3.48859,,4comp
POX9,2026-05-10 09:42:48.760,1,15.5,3.57835,,4comp
POX9,2026-05-10 09:52:48.794,1,15.5,3.724357,,4comp
POX9,2026-05-10 10:02:48.826,1,15.5,3.756387,,4comp
POX9,2026-05-10 10:12:48.860,1,15.5,3.686211,,4comp
POX9,2026-05-10 10:22:48.893,1,15.5,3.704249,,4comp
POX9,2026-05-10 10:32:48.926,1,15.5,3.707151,,4comp
POX9,2026-05-10 10:42:48.959,1,15.5,3.783934,,4comp
POX9,2026-05-10 10:52:48.992,1,15.5,3.756798,,4comp
POX9,2026-05-10 11:02:49.024,1,15.5,3.751959,,4comp
POX9,2026-05-10 11:12:49.057,1,15.5,3.601918,,4comp
POX9,2026-05-10 11:22:49.090,1,15.5,3.651889,,4comp
POX9,2026-05-10 11:32:49.122,1,15.5,3.64703,,4comp
POX9,2026-05-10 11:42:49.155,1,15.5,3.661,,4comp
POX9,2026-05-10 11:52:49.187,1,15.5,3.708833,,4comp
POX9,2026-05-10 12:02:49.219,1,15.5,3.814142,,4comp
POX9,2026-05-10 12:12:49.251,1,15.5,3.740624,,4comp
POX9,2026-05-10 12:22:49.283,1,15.5,3.685171,,4comp
POX9,2026-05-10 12:32:49.315,1,15.5,3.771485,,4comp
POX9,2026-05-10 12:42:49.347,1,15.5,3.830315,,4comp
POX9,2026-05-10 12:52:49.378,1,15.5,3.865622,,4comp
POX9,2026-05-10 13:02:49.410,1,15.5,3.840167,,4comp
POX9,2026-05-10 13:12:49.441,1,15.5,3.835124,,4comp
POX9,2026-05-10 13:22:49.472,1,15.5,3.855311,,4comp
POX9,2026-05-10 13:32:49.504,1,15.5,3.830332,,4comp
POX9,2026-05-10 13:42:49.535,1,15.5,3.835374,,4comp
POX9,2026-05-10 13:52:49.566,1,15.5,3.765192,,4comp
POX9,2026-05-10 14:02:49.597,1,15.5,3.661313,,4comp
POX9,2026-05-10 14:12:49.628,1,15.5,3.765656,,4comp
POX9,2026-05-10 14:22:49.659,1,15.5,3.762851,,4comp
POX9,2026-05-10 14:32:49.690,1,15.5,3.769381,,4comp
POX9,2026-05-10 14:42:49.721,1,15.5,3.787482,,4comp
POX9,2026-05-10 14:52:49.751,1,15.5,3.85115,,4comp
POX9,2026-05-10 15:02:49.782,1,15.5,3.635324,,4comp
POX9,2026-05-10 15:12:49.813,1,15.5,3.811425,,4comp
POX9,2026-05-10 15:22:49.844,1,15.5,3.797715,,4comp
POX9,2026-05-10 15:32:49.875,1,15.5,3.739682,,4comp
POX9,2026-05-10 15:42:49.905,1,15.5,3.736042,,4comp
POX9,2026-05-10 15:52:49.936,1,15.5,3.759126,,4comp
POX9,2026-05-10 16:02:49.967,1,15.5,4.109137,,4comp
POX9,2026-05-10 16:12:49.997,1,15.5,4.13604,,4comp
POX9,2026-05-10 16:22:50.028,1,15.5,4.339486,,4comp
POX9,2026-05-10 16:32:50.058,1,15.5,4.340356,,4comp
POX9,2026-05-10 16:42:50.089,1,15.5,4.522441,,4comp
POX9,2026-05-10 16:52:50.120,1,15.5,4.561635,,4comp
POX9,2026-05-10 17:02:50.150,1,15.5,4.500116,,4comp
POX9,2026-05-10 17:12:50.180,1,15.5,4.432981,,4comp
POX9,2026-05-10 17:22:50.211,1,15.5,4.380198,,4comp
POX9,2026-05-10 17:32:50.241,1,15.5,4.312949,,4comp
POX9,2026-05-10 17:42:50.271,1,15.5,4.286166,,4comp
POX9,2026-05-10 17:52:50.302,1,15.5,4.26947,,4comp
POX9,2026-05-10 18:02:50.332,1,15.5,4.256225,,4comp
POX9,2026-05-10 18:12:50.362,1,15.5,4.231735,,4comp
POX9,2026-05-10 18:22:50.393,1,15.5,4.214076,,4comp
POX9,2026-05-10 18:32:50.423,1,15.5,4.207359,,4comp
POX9,2026-05-10 18:42:50.453,1,15.5,4.184834,,4comp
POX9,2026-05-10 18:52:50.484,1,15.5,4.076601,,4comp
POX9,2026-05-10 19:02:50.515,1,15.5,3.97747,,4comp
POX9,2026-05-10 19:12:50.547,1,15.5,3.980368,,4comp
POX9,2026-05-10 19:22:50.578,1,15.5,3.951432,,4comp
POX9,2026-05-10 19:32:50.610,1,15.5,3.879212,,4comp
POX9,2026-05-10 19:42:50.642,1,15.5,3.996404,,4comp
POX9,2026-05-10 19:52:50.673,1,15.5,3.918096,,4comp
POX9,2026-05-10 20:02:50.706,1,15.5,3.883855,,4comp
POX9,2026-05-10 20:12:50.737,1,15.5,3.943038,,4comp
POX9,2026-05-10 20:22:50.770,1,15.5,3.904953,,4comp
POX9,2026-05-10 20:32:50.802,1,15.5,3.781674,,4comp
POX9,2026-05-10 20:42:50.834,1,15.5,3.650715,,4comp
POX9,2026-05-10 20:52:50.867,1,15.5,3.785729,,4comp
POX9,2026-05-10 21:02:50.899,1,15.5,3.689447,,4comp
POX9,2026-05-10 21:12:50.932,1,15.5,3.574451,,4comp
POX9,2026-05-10 21:22:50.964,1,15.5,3.662281,,4comp
POX9,2026-05-10 21:32:50.997,1,15.5,3.664285,,4comp
POX9,2026-05-10 21:42:51.029,1,15.5,3.719459,,4comp
POX9,2026-05-10 21:52:51.062,1,15.5,3.76477,,4comp
POX9,2026-05-10 22:02:51.095,1,15.5,3.926396,,4comp
POX9,2026-05-10 22:12:51.127,1,15.5,4.077784,,4comp
POX9,2026-05-10 22:22:51.160,1,15.5,4.026017,,4comp
POX9,2026-05-10 22:32:51.192,1,15.5,3.979353,,4comp
POX9,2026-05-10 22:42:51.225,1,15.5,4.061299,,4comp
POX9,2026-05-10 22:52:51.257,1,15.5,3.995997,,4comp
POX9,2026-05-10 23:02:51.290,1,15.5,3.96953,,4comp
POX9,2026-05-10 23:12:51.322,1,15.5,3.985929,,4comp
POX9,2026-05-10 23:22:51.355,1,15.5,3.890907,,4comp
POX9,2026-05-10 23:32:51.387,1,15.5,3.974873,,4comp
POX9,2026-05-10 23:42:51.420,1,15.5,3.906708,,4comp
POX9,2026-05-10 23:52:51.452,1,15.5,3.998934,,4comp
POX9,2026-05-11 00:02:51.485,1,15.5,3.988942,,4comp
POX9,2026-05-11 00:12:51.518,1,15.5,3.855158,,4comp
POX9,2026-05-11 00:22:51.550,1,15.5,3.896404,,4comp
POX9,2026-05-11 00:32:51.583,1,15.5,3.968155,,4comp
POX9,2026-05-11 00:42:51.615,1,15.5,4.073211,,4comp
POX9,2026-05-11 00:52:51.648,1,15.5,3.946351,,4comp
POX9,2026-05-11 01:02:51.680,1,15.5,3.867921,,4comp
POX9,2026-05-11 01:12:51.713,1,15.5,3.886688,,4comp
POX9,2026-05-11 01:22:51.746,1,15.5,3.847438,,4comp
POX9,2026-05-11 01:32:51.778,1,15.5,3.792518,,4comp
POX9,2026-05-11 01:42:51.811,1,15.5,3.843586,,4comp
POX9,2026-05-11 01:52:51.844,1,15.5,3.810472,,4comp
POX9,2026-05-11 02:02:51.876,1,15.5,3.848873,,4comp
POX9,2026-05-11 02:12:51.909,1,15.5,3.961017,,4comp
POX9,2026-05-11 02:22:51.941,1,15.5,3.988561,,4comp
POX9,2026-05-11 02:32:51.974,1,15.5,3.9346,,4comp
POX9,2026-05-11 02:42:52.007,1,15.5,3.842588,,4comp
POX9,2026-05-11 02:52:52.039,1,15.5,3.841698,,4comp
POX9,2026-05-11 03:02:52.072,1,15.5,3.757798,,4comp
POX9,2026-05-11 03:12:52.105,1,15.5,3.698289,,4comp
POX9,2026-05-11 03:22:52.137,1,15.5,3.834479,,4comp
POX9,2026-05-11 03:32:52.170,1,15.5,3.886817,,4comp
POX9,2026-05-11 03:42:52.202,1,15.5,3.913688,,4comp
POX9,2026-05-11 03:52:52.235,1,15.5,3.975669,,4comp
POX9,2026-05-11 04:02:52.267,1,15.5,4.15736,,4comp
POX9,2026-05-11 04:12:52.300,1,15.5,3.899901,,4comp
POX9,2026-05-11 04:22:52.333,1,15.5,3.918652,,4comp
POX9,2026-05-11 04:32:52.365,1,15.5,3.835448,,4comp
POX9,2026-05-11 04:42:52.398,1,15.5,3.743895,,4comp
POX9,2026-05-11 04:52:52.430,1,15.5,3.745177,,4comp
POX9,2026-05-11 05:02:52.463,1,15.5,3.766311,,4comp
POX9,2026-05-11 05:12:52.496,1,15.5,3.695595,,4comp
POX9,2026-05-11 05:22:52.528,1,15.5,4.006515,,4comp
POX9,2026-05-11 05:32:52.561,1,15.5,4.050589,,4comp
POX9,2026-05-11 05:42:52.594,1,15.5,3.734765,,4comp
POX9,2026-05-11 05:52:52.626,1,15.5,3.896436,,4comp
POX9,2026-05-11 06:02:52.659,1,15.5,3.910777,,4comp
POX9,2026-05-11 06:12:52.692,1,15.5,3.796177,,4comp
POX9,2026-05-11 06:22:52.724,1,15.5,3.855778,,4comp
POX9,2026-05-11 06:32:52.757,1,15.5,3.818002,,4comp
POX9,2026-05-11 06:42:52.790,1,15.5,3.778717,,4comp
POX9,2026-05-11 06:52:52.823,1,15.5,3.697984,,4comp
POX9,2026-05-11 07:02:52.855,1,15.5,3.622649,,4comp
POX9,2026-05-11 07:12:52.888,1,15.5,3.620866,,4comp
POX9,2026-05-11 07:22:52.921,1,15.5,3.662878,,4comp
POX9,2026-05-11 07:32:52.954,1,15.5,3.547562,,4comp
POX9,2026-05-11 07:42:52.987,1,15.5,3.582064,,4comp
POX9,2026-05-11 07:52:53.019,1,15.5,3.813573,,4comp
POX9,2026-05-11 08:02:53.052,1,15.5,4.08552,,4comp
POX9,2026-05-11 08:12:53.085,1,15.5,4.353333,,4comp
POX9,2026-05-11 08:22:53.118,1,15.5,4.419362,,4comp
POX9,2026-05-11 08:32:53.150,1,15.5,4.363351,,4comp
POX9,2026-05-11 08:42:53.183,1,15.5,4.28655,,4comp
POX9,2026-05-11 08:52:53.216,1,15.5,4.435109,,4comp
POX9,2026-05-11 09:02:53.249,1,15.5,4.185572,,4comp
POX9,2026-05-11 09:12:53.281,1,15.5,4.082175,,4comp
POX9,2026-05-11 09:22:53.314,1,15.5,4.128644,,4comp
POX9,2026-05-11 09:32:53.347,1,15.5,3.818497,,4comp
POX9,2026-05-11 09:42:53.380,1,15.5,3.72905,,4comp
POX9,2026-05-11 09:52:53.413,1,15.5,3.973709,,4comp
POX9,2026-05-11 10:02:53.446,1,15.5,4.114294,,4comp
POX9,2026-05-11 10:12:53.478,1,15.5,4.155968,,4comp
POX9,2026-05-11 10:22:53.511,1,15.5,4.168799,,4comp
POX9,2026-05-11 10:32:53.544,1,15.5,4.167918,,4comp
POX9,2026-05-11 10:42:53.577,1,15.5,4.152421,,4comp
POX9,2026-05-11 10:52:53.610,1,15.5,4.128287,,4comp
POX9,2026-05-11 11:02:53.642,1,15.5,4.118542,,4comp
POX9,2026-05-11 11:12:53.675,1,15.5,4.143962,,4comp
POX9,2026-05-11 11:22:53.708,1,15.5,4.096117,,4comp
POX9,2026-05-11 11:32:53.741,1,15.5,4.187561,,4comp
POX9,2026-05-11 11:42:53.773,1,15.5,4.205614,,4comp
POX9,2026-05-11 11:52:53.806,1,15.5,4.28121,,4comp
POX9,2026-05-11 12:02:53.839,1,15.5,4.326273,,4comp
POX9,2026-05-11 12:12:53.871,1,15.5,4.451593,,4comp
POX9,2026-05-11 12:22:53.903,1,15.5,4.676312,,4comp
POX9,2026-05-11 12:32:53.936,1,15.5,4.740337,,4comp
POX9,2026-05-11 12:42:53.968,1,15.5,4.859728,,4comp
POX9,2026-05-11 12:52:54.000,1,15.5,4.888965,,4comp
POX9,2026-05-11 13:02:54.031,1,15.5,5.02342,,4comp
POX9,2026-05-11 13:12:54.063,1,15.5,5.006335,,4comp
POX9,2026-05-11 13:22:54.094,1,15.5,4.886843,,4comp
POX9,2026-05-11 13:32:54.126,1,15.5,5.055447,,4comp
POX9,2026-05-11 13:42:54.157,1,15.5,5.049428,,4comp
POX9,2026-05-11 13:52:54.189,1,15.5,5.129114,,4comp
POX9,2026-05-11 14:02:54.221,1,15.5,5.2513,,4comp
POX9,2026-05-11 14:12:54.253,1,15.5,5.254706,,4comp
POX9,2026-05-11 14:22:54.286,1,15.5,5.241284,,4comp
POX9,2026-05-11 14:32:54.318,1,15.5,5.199716,,4comp
POX9,2026-05-11 14:42:54.350,1,15.5,5.281783,,4comp
POX9,2026-05-11 14:52:54.382,1,15.5,5.158324,,4comp
POX9,2026-05-11 15:02:54.414,1,15.5,5.14989,,4comp
POX9,2026-05-11 15:12:54.446,1,15.5,5.251659,,4comp
POX9,2026-05-11 15:22:54.478,1,15.5,5.241899,,4comp
POX9,2026-05-11 15:32:54.510,1,15.5,5.116777,,4comp
POX9,2026-05-11 15:42:54.542,1,15.5,5.166131,,4comp
POX9,2026-05-11 15:52:54.574,1,15.5,5.019914,,4comp
POX9,2026-05-11 16:02:54.605,1,15.5,4.985852,,4comp
POX9,2026-05-11 16:12:54.637,1,15.5,4.87862,,4comp
POX9,2026-05-11 16:22:54.668,1,15.5,4.851622,,4comp
POX9,2026-05-11 16:32:54.699,1,15.5,4.775255,,4comp
POX9,2026-05-11 16:42:54.730,1,15.5,4.827535,,4comp
POX9,2026-05-11 16:52:54.761,1,15.5,4.870977,,4comp
POX9,2026-05-11 17:02:54.792,1,15.5,4.795333,,4comp
POX9,2026-05-11 17:12:54.822,1,15.5,4.655201,,4comp
POX9,2026-05-11 17:22:54.853,1,15.5,4.813902,,4comp
POX9,2026-05-11 17:32:54.884,1,15.5,4.786627,,4comp
POX9,2026-05-11 17:42:54.914,1,15.5,4.775999,,4comp
POX9,2026-05-11 17:52:54.944,1,15.5,4.769387,,4comp
POX9,2026-05-11 18:02:54.975,1,15.5,4.414032,,4comp
POX9,2026-05-11 18:12:55.005,1,15.5,4.65076,,4comp
POX9,2026-05-11 18:22:55.036,1,15.5,4.650403,,4comp
POX9,2026-05-11 18:32:55.066,1,15.5,5.127088,,4comp
POX9,2026-05-11 18:42:55.097,1,15.5,5.223248,,4comp
POX9,2026-05-11 18:52:55.128,1,15.5,5.333049,,4comp
POX9,2026-05-11 19:02:55.159,1,15.5,5.240932,,4comp
POX9,2026-05-11 19:12:55.191,1,15.5,5.234278,,4comp
POX9,2026-05-11 19:22:55.222,1,15.5,5.135199,,4comp
POX9,2026-05-11 19:32:55.253,1,15.5,4.995375,,4comp
POX9,2026-05-11 19:42:55.285,1,15.5,4.925701,,4comp
POX9,2026-05-11 19:52:55.317,1,15.5,4.752981,,4comp
POX9,2026-05-11 20:02:55.348,1,15.5,4.665831,,4comp
POX9,2026-05-11 20:12:55.380,1,15.5,4.700951,,4comp
POX9,2026-05-11 20:22:55.412,1,15.5,4.515873,,4comp
POX9,2026-05-11 20:32:55.444,1,15.5,4.385821,,4comp
POX9,2026-05-11 20:42:55.476,1,15.5,4.301268,,4comp
POX9,2026-05-11 20:52:55.508,1,15.5,4.37733,,4comp
POX9,2026-05-11 21:02:55.540,1,15.5,4.443798,,4comp
POX9,2026-05-11 21:12:55.572,1,15.5,4.442822,,4comp
POX9,2026-05-11 21:22:55.604,1,15.5,4.501142,,4comp
POX9,2026-05-11 21:32:55.636,1,15.5,4.468871,,4comp
POX9,2026-05-11 21:42:55.668,1,15.5,4.373942,,4comp
POX9,2026-05-11 21:52:55.700,1,15.5,4.37854,,4comp
POX9,2026-05-11 22:02:55.732,1,15.5,4.339046,,4comp
POX9,2026-05-11 22:12:55.764,1,15.5,4.342752,,4comp
POX9,2026-05-11 22:22:55.797,1,15.5,4.461943,,4comp
POX9,2026-05-11 22:32:55.829,1,15.5,4.467278,,4comp
POX9,2026-05-11 22:42:55.861,1,15.5,4.363827,,4comp
POX9,2026-05-11 22:52:55.893,1,15.5,4.405647,,4comp
POX9,2026-05-11 23:02:55.925,1,15.5,4.42659,,4comp
POX9,2026-05-11 23:12:55.957,1,15.5,4.354422,,4comp
POX9,2026-05-11 23:22:55.989,1,15.5,4.229711,,4comp
POX9,2026-05-11 23:32:56.022,1,15.5,4.201806,,4comp
POX9,2026-05-11 23:42:56.054,1,15.5,4.188785,,4comp
POX9,2026-05-11 23:52:56.086,1,15.5,4.114783,,4comp
POX9,2026-05-12 00:02:56.119,1,15.5,4.102033,,4comp
POX9,2026-05-12 00:12:56.151,1,15.5,4.195421,,4comp
POX9,2026-05-12 00:22:56.183,1,15.5,4.288637,,4comp
POX9,2026-05-12 00:32:56.215,1,15.5,4.256557,,4comp
POX9,2026-05-12 00:42:56.248,1,15.5,4.70833,,4comp
POX9,2026-05-12 00:52:56.280,1,15.5,4.896696,,4comp
POX9,2026-05-12 01:02:56.312,1,15.5,4.930581,,4comp
POX9,2026-05-12 01:12:56.345,1,15.5,4.810679,,4comp
POX9,2026-05-12 01:22:56.377,1,15.5,4.880594,,4comp
POX9,2026-05-12 01:32:56.409,1,15.5,4.91009,,4comp
POX9,2026-05-12 01:42:56.441,1,15.5,4.899096,,4comp
POX9,2026-05-12 01:52:56.474,1,15.5,4.804871,,4comp
POX9,2026-05-12 02:02:56.506,1,15.5,4.771464,,4comp
POX9,2026-05-12 02:12:56.538,1,15.5,4.742817,,4comp
POX9,2026-05-12 02:22:56.571,1,15.5,4.701036,,4comp
POX9,2026-05-12 02:32:56.603,1,15.5,4.650579,,4comp
POX9,2026-05-12 02:42:56.635,1,15.5,4.661597,,4comp
POX9,2026-05-12 02:52:56.667,1,15.5,4.78242,,4comp
POX9,2026-05-12 03:02:56.700,1,15.5,4.796431,,4comp
POX9,2026-05-12 03:12:56.732,1,15.5,4.796388,,4comp
POX9,2026-05-12 03:22:56.764,1,15.5,4.700237,,4comp
POX9,2026-05-12 03:32:56.796,1,15.5,4.653346,,4comp
POX9,2026-05-12 03:42:56.829,1,15.5,4.615818,,4comp
POX9,2026-05-12 03:52:56.861,1,15.5,4.582817,,4comp
POX9,2026-05-12 04:02:56.893,1,15.5,4.513935,,4comp
POX9,2026-05-12 04:12:56.926,1,15.5,4.446329,,4comp
POX9,2026-05-12 04:22:56.958,1,15.5,4.259433,,4comp
POX9,2026-05-12 04:32:56.990,1,15.5,4.242265,,4comp
POX9,2026-05-12 04:42:57.022,1,15.5,4.204826,,4comp
POX9,2026-05-12 04:52:57.055,1,15.5,4.21608,,4comp
POX9,2026-05-12 05:02:57.087,1,15.5,4.246483,,4comp
POX9,2026-05-12 05:12:57.119,1,15.5,4.051167,,4comp
POX9,2026-05-12 05:22:57.152,1,15.5,4.077413,,4comp
POX9,2026-05-12 05:32:57.184,1,15.5,4.065094,,4comp
POX9,2026-05-12 05:42:57.216,1,15.5,4.199286,,4comp
POX9,2026-05-12 05:52:57.248,1,15.5,4.004293,,4comp
POX9,2026-05-12 06:02:57.280,1,15.5,3.985527,,4comp
POX9,2026-05-12 06:12:57.313,1,15.5,3.935456,,4comp
POX9,2026-05-12 06:22:57.345,1,15.5,3.874209,,4comp
POX9,2026-05-12 06:32:57.377,1,15.5,3.834209,,4comp
POX9,2026-05-12 06:42:57.409,1,15.5,3.830452,,4comp
POX9,2026-05-12 06:52:57.442,1,15.5,3.850681,,4comp
POX9,2026-05-12 07:02:57.474,1,15.5,3.938549,,4comp
POX9,2026-05-12 07:12:57.506,1,15.5,3.934034,,4comp
POX9,2026-05-12 07:22:57.538,1,15.5,3.846707,,4comp
POX9,2026-05-12 07:32:57.571,1,15.5,3.782816,,4comp
POX9,2026-05-12 07:42:57.603,1,15.5,3.772703,,4comp
POX9,2026-05-12 07:52:57.635,1,15.5,3.725362,,4comp
POX9,2026-05-12 08:02:57.667,1,15.5,3.720847,,4comp
POX9,2026-05-12 08:12:57.700,1,15.5,3.794664,,4comp
POX9,2026-05-12 08:22:57.732,1,15.5,3.726124,,4comp
POX9,2026-05-12 08:32:57.764,1,15.5,3.680936,,4comp
POX9,2026-05-12 08:42:57.797,1,15.5,3.694083,,4comp
POX9,2026-05-12 08:52:57.828,1,15.5,3.697184,,4comp
POX9,2026-05-12 09:02:57.861,1,15.5,3.69255,,4comp
POX9,2026-05-12 09:12:57.893,1,15.5,3.802361,,4comp
POX9,2026-05-12 09:22:57.925,1,15.5,3.825119,,4comp
POX9,2026-05-12 09:32:57.958,1,15.5,3.723028,,4comp
POX9,2026-05-12 09:42:57.990,1,15.5,3.759335,,4comp
POX9,2026-05-12 09:52:58.022,1,15.5,3.81633,,4comp
POX9,2026-05-12 10:02:58.054,1,15.5,3.750486,,4comp
POX9,2026-05-12 10:12:58.087,1,15.5,3.789075,,4comp
POX9,2026-05-12 10:22:58.119,1,15.5,3.768549,,4comp
POX9,2026-05-12 10:32:58.152,1,15.5,3.965373,,4comp
POX9,2026-05-12 10:42:58.184,1,15.5,4.2933,,4comp
POX9,2026-05-12 10:52:58.217,1,15.5,4.419937,,4comp
POX9,2026-05-12 11:02:58.249,1,15.5,4.245181,,4comp
POX9,2026-05-12 11:12:58.281,1,15.5,4.241489,,4comp
POX9,2026-05-12 11:22:58.313,1,15.5,4.191103,,4comp
POX9,2026-05-12 11:32:58.346,1,15.5,4.075736,,4comp
POX9,2026-05-12 11:42:58.378,1,15.5,4.077199,,4comp
POX9,2026-05-12 11:52:58.410,1,15.5,4.167773,,4comp
POX9,2026-05-12 12:02:58.443,1,15.5,3.933939,,4comp
POX9,2026-05-12 12:12:58.474,1,15.5,3.917281,,4comp
POX9,2026-05-12 12:22:58.507,1,15.5,3.995187,,4comp
POX9,2026-05-12 12:32:58.539,1,15.5,3.826243,,4comp
POX9,2026-05-12 12:42:58.571,1,15.5,4.231111,,4comp
POX9,2026-05-12 12:52:58.603,1,15.5,3.902179,,4comp
POX9,2026-05-12 13:02:58.635,1,15.5,3.915634,,4comp
POX9,2026-05-12 13:12:58.666,1,15.5,3.9486,,4comp
POX9,2026-05-12 13:22:58.698,1,15.5,3.965605,,4comp
POX9,2026-05-12 13:32:58.730,1,15.5,3.921206,,4comp
POX9,2026-05-12 13:42:58.762,1,15.5,3.909573,,4comp
POX9,2026-05-12 13:52:58.793,1,15.5,3.956949,,4comp
POX9,2026-05-12 14:02:58.825,1,15.5,3.885854,,4comp
POX9,2026-05-12 14:12:58.857,1,15.5,3.975815,,4comp
POX9,2026-05-12 14:22:58.888,1,15.5,3.957393,,4comp
POX9,2026-05-12 14:32:58.920,1,15.5,4.000601,,4comp
POX9,2026-05-12 14:42:58.951,1,15.5,4.071165,,4comp
POX9,2026-05-12 14:52:58.982,1,15.5,4.305677,,4comp
POX9,2026-05-12 15:02:59.013,1,15.5,4.363788,,4comp
POX9,2026-05-12 15:12:59.044,1,15.5,4.274159,,4comp
POX9,2026-05-12 15:22:59.075,1,15.5,4.266499,,4comp
POX9,2026-05-12 15:32:59.106,1,15.5,4.231644,,4comp
POX9,2026-05-12 15:42:59.137,1,15.5,4.25458,,4comp
POX9,2026-05-12 15:52:59.167,1,15.5,4.240637,,4comp
POX9,2026-05-12 16:02:59.198,1,15.5,4.225959,,4comp
POX9,2026-05-12 16:12:59.229,1,15.5,4.153036,,4comp
POX9,2026-05-12 16:22:59.260,1,15.5,4.056269,,4comp
POX9,2026-05-12 16:32:59.291,1,15.5,4.120749,,4comp
POX9,2026-05-12 16:42:59.322,1,15.5,4.084393,,4comp
POX9,2026-05-12 16:52:59.353,1,15.5,4.311122,,4comp
POX9,2026-05-12 17:02:59.384,1,15.5,4.50597,,4comp
POX9,2026-05-12 17:12:59.415,1,15.5,4.376669,,4comp
POX9,2026-05-12 17:22:59.446,1,15.5,4.447839,,4comp
POX9,2026-05-12 17:32:59.477,1,15.5,4.384973,,4comp
POX9,2026-05-12 17:42:59.508,1,15.5,4.322275,,4comp
POX9,2026-05-12 17:52:59.539,1,15.5,4.220652,,4comp
POX9,2026-05-12 18:02:59.570,1,15.5,4.196985,,4comp
POX9,2026-05-12 18:12:59.601,1,5.5,4.240916,,4comp
POX9,2026-05-12 18:22:59.632,1,5.5,4.219313,,4comp
POX9,2026-05-12 18:32:59.664,1,5.5,4.263042,,4comp
POX9,2026-05-12 18:42:59.695,1,5.5,4.498555,,4comp
POX9,2026-05-12 18:52:59.727,1,5.5,4.366022,,4comp
POX9,2026-05-12 19:02:59.758,1,5.5,4.24538,,4comp
POX9,2026-05-12 19:12:59.790,1,5.5,4.137958,,4comp
POX9,2026-05-12 19:22:59.821,1,5.5,4.110047,,4comp
POX9,2026-05-12 19:32:59.853,1,5.5,4.051218,,4comp
POX9,2026-05-12 19:42:59.885,1,5.5,3.857259,,4comp
POX9,2026-05-12 19:52:59.916,1,5.5,3.776884,,4comp
POX9,2026-05-12 20:14:59.986,1,5.5,3.773123,,4comp
POX9,2026-05-12 20:35:00.050,1,5.5,3.794446,,4comp
POX9,2026-05-12 20:45:00.082,1,5.5,3.86882,,4comp
POX9,2026-05-12 20:55:00.114,1,5.5,3.845596,,4comp
POX9,2026-05-12 21:05:00.146,1,5.5,4.008756,,4comp
POX9,2026-05-12 21:20:00.194,1,5.5,0.0,,4comp
POX9,2026-05-12 21:38:00.252,1,5.5,4.147342,,4comp
POX9,2026-05-12 21:48:00.284,1,5.5,4.140409,,4comp
POX9,2026-05-15 18:55:13.366,1,5.5,4.500791,99.00523333333334,4comp
POX9,2026-05-15 19:05:13.397,1,5.5,4.740568,89.00471666666667,4comp
POX9,2026-05-15 19:15:13.428,1,5.5,4.290417,79.00420000000001,4comp
POX9,2026-05-15 19:26:13.463,1,5.5,4.499443,68.00361666666667,4comp
POX9,2026-05-15 19:37:13.498,1,5.5,4.752446,57.00303333333333,4comp
POX9,2026-05-15 19:47:13.529,1,5.5,4.993884,47.002516666666665,4comp
POX9,2026-05-15 19:57:13.561,1,5.5,5.084728,37.001983333333335,4comp
POX9,2026-05-15 20:07:13.593,1,5.5,4.987,27.00145,4comp
POX9,2026-05-15 20:17:13.625,1,5.5,5.041869,17.000916666666665,4comp
POX9,2026-05-15 20:27:13.657,1,5.5,5.271644,7.000383333333334,4comp
POX9,2026-05-15 21:27:13.851,1,5.5,5.391609,4.000216666666667,4comp
POX9,2026-05-15 21:37:13.884,1,5.5,5.469221,107.0058,4comp
POX9,2026-05-15 21:47:13.916,1,5.5,5.415364,97.00526666666666,4comp
POX9,2026-05-15 21:57:13.948,1,5.5,5.315835,87.00473333333333,4comp
POX9,2026-05-15 22:07:13.981,1,5.5,5.282538,77.00418333333333,4comp
POX9,2026-05-15 22:17:14.013,1,5.5,5.023254,67.00365000000001,4comp
POX9,2026-05-15 22:27:14.046,1,5.5,5.026431,57.0031,4comp
POX9,2026-05-15 22:37:14.079,1,5.5,5.109573,47.00255,4comp
POX9,2026-05-15 22:47:14.111,1,5.5,5.21078,37.00201666666667,4comp
POX9,2026-05-15 22:57:14.144,1,5.5,5.211792,27.001466666666666,4comp
POX9,2026-05-15 23:07:14.176,1,5.5,5.086635,17.000933333333332,4comp
POX9,2026-05-15 23:17:14.209,1,5.5,5.049981,7.000383333333334,4comp
POX9,2026-05-15 23:57:14.339,1,5.5,5.344012,,4comp
POX9,2026-05-16 00:07:14.372,1,5.5,5.172437,,4comp
POX9,2026-05-16 00:17:14.404,1,5.5,5.083632,,4comp
POX9,2026-05-16 00:27:14.437,1,5.5,5.087474,,4comp
POX9,2026-05-16 00:37:14.470,1,5.5,5.041978,,4comp
POX9,2026-05-16 00:47:14.502,1,5.5,5.005591,,4comp
POX9,2026-05-16 00:57:14.535,1,5.5,4.926392,,4comp
POX9,2026-05-16 01:07:14.568,1,5.5,4.870441,,4comp
POX9,2026-05-16 01:17:14.600,1,5.5,4.845581,,4comp
POX9,2026-05-16 01:27:14.633,1,5.5,4.806303,,4comp
POX9,2026-05-16 01:37:14.666,1,5.5,4.766788,,4comp
POX9,2026-05-16 01:47:14.699,1,5.5,4.739467,,4comp
POX9,2026-05-16 01:57:14.731,1,5.5,4.76073,,4comp
POX9,2026-05-16 02:07:14.764,1,5.5,4.640739,,4comp
POX9,2026-05-16 02:17:14.797,1,5.5,4.548376,,4comp
POX9,2026-05-16 02:27:14.830,1,5.5,4.520639,,4comp
POX9,2026-05-16 02:37:14.862,1,5.5,4.47539,,4comp
POX9,2026-05-16 02:47:14.895,1,5.5,4.481349,,4comp
POX9,2026-05-16 02:57:14.928,1,5.5,4.542036,,4comp
POX9,2026-05-16 03:07:14.960,1,5.5,4.770092,,4comp
POX9,2026-05-16 03:17:14.993,1,5.5,4.876723,,4comp
POX9,2026-05-16 03:27:15.026,1,5.5,4.779504,,4comp
POX9,2026-05-16 03:37:15.059,1,5.5,4.702429,,4comp
POX9,2026-05-16 03:47:15.092,1,5.5,4.627507,,4comp
POX9,2026-05-16 03:57:15.125,1,5.5,4.611276,,4comp
POX9,2026-05-16 04:07:15.158,1,5.5,4.583529,,4comp
POX9,2026-05-16 04:17:15.191,1,5.5,4.616571,,4comp
POX9,2026-05-16 04:27:15.224,1,5.5,4.706659,,4comp
POX9,2026-05-16 04:37:15.257,1,5.5,4.678552,,4comp
POX9,2026-05-16 04:47:15.290,1,5.5,5.053947,,4comp
POX9,2026-05-16 04:57:15.323,1,5.5,4.897251,,4comp
POX9,2026-05-16 05:07:15.356,1,5.5,4.689678,,4comp
POX9,2026-05-16 05:17:15.389,1,5.5,4.701054,,4comp
POX9,2026-05-16 05:27:15.422,1,5.5,4.712883,,4comp
POX9,2026-05-16 05:37:15.455,1,5.5,4.686796,,4comp
POX9,2026-05-16 05:47:15.488,1,5.5,4.666084,,4comp
POX9,2026-05-16 05:57:15.521,1,5.5,4.556589,,4comp
POX9,2026-05-16 06:07:15.554,1,5.5,4.70786,,4comp
POX9,2026-05-16 06:17:15.587,1,5.5,5.047272,,4comp
POX9,2026-05-16 06:27:15.620,1,5.5,4.998811,,4comp
POX9,2026-05-16 06:37:15.653,1,5.5,4.945767,,4comp
POX9,2026-05-16 06:47:15.686,1,5.5,4.753311,,4comp
POX9,2026-05-16 06:57:15.719,1,5.5,4.935924,,4comp
POX9,2026-05-16 07:07:15.752,1,5.5,4.723977,,4comp
POX9,2026-05-16 07:17:15.785,1,5.5,4.744307,,4comp
POX9,2026-05-16 07:27:15.818,1,5.5,4.677043,,4comp
POX9,2026-05-16 07:37:15.851,1,5.5,4.4641,,4comp
POX9,2026-05-16 07:47:15.885,1,5.5,4.477732,,4comp
POX9,2026-05-16 07:57:15.918,1,5.5,4.641837,,4comp
POX9,2026-05-16 08:07:15.951,1,5.5,4.717715,,4comp
POX9,2026-05-16 08:17:15.984,1,5.5,4.766314,,4comp
POX9,2026-05-16 08:27:16.017,1,5.5,4.735202,,4comp
POX9,2026-05-16 08:37:16.050,1,5.5,4.638425,,4comp
POX9,2026-05-16 08:47:16.083,1,5.5,4.525043,,4comp
POX9,2026-05-16 08:57:16.116,1,5.5,4.452829,,4comp
POX9,2026-05-16 09:07:16.149,1,5.5,4.474016,,4comp
POX9,2026-05-16 09:17:16.182,1,5.5,4.500367,,4comp
POX9,2026-05-16 09:27:16.215,1,5.5,4.471268,,4comp
POX9,2026-05-16 09:37:16.248,1,5.5,4.522931,,4comp
POX9,2026-05-16 09:47:16.281,1,5.5,4.524252,,4comp
POX9,2026-05-16 09:57:16.314,1,5.5,4.777247,,4comp
POX9,2026-05-16 10:07:16.347,1,5.5,4.836683,,4comp
POX9,2026-05-16 10:17:16.381,1,5.5,4.7105,,4comp
POX9,2026-05-16 10:27:16.414,1,5.5,4.825634,,4comp
POX9,2026-05-16 10:37:16.447,1,5.5,5.180724,,4comp
POX9,2026-05-16 10:47:16.480,1,5.5,4.989182,,4comp
POX9,2026-05-16 10:57:16.513,1,5.5,4.930704,,4comp
POX9,2026-05-16 11:07:16.546,1,5.5,5.062038,,4comp
POX9,2026-05-16 11:17:16.579,1,5.5,4.792372,,4comp
POX9,2026-05-16 11:27:16.612,1,5.5,4.636281,,4comp
POX9,2026-05-16 11:37:16.644,1,5.5,4.575853,,4comp
POX9,2026-05-16 11:47:16.677,1,5.5,4.387113,,4comp
POX9,2026-05-16 11:57:16.710,1,5.5,4.337361,,4comp
POX9,2026-05-16 12:07:16.742,1,5.5,4.423455,,4comp
POX9,2026-05-16 12:17:16.775,1,5.5,4.354623,,4comp
POX9,2026-05-16 12:27:16.807,1,5.5,4.343565,,4comp
POX9,2026-05-16 12:37:16.840,1,5.5,4.299008,,4comp
POX9,2026-05-16 12:47:16.872,1,5.5,4.271566,,4comp
POX9,2026-05-16 12:57:16.904,1,5.5,4.574651,,4comp
POX9,2026-05-16 13:07:16.937,1,5.5,4.522148,,4comp
POX9,2026-05-16 13:17:16.969,1,5.5,4.441332,,4comp
POX9,2026-05-16 13:27:17.001,1,5.5,4.394918,,4comp
POX9,2026-05-16 13:37:17.033,1,5.5,4.334374,,4comp
POX9,2026-05-16 13:47:17.065,1,5.5,4.352966,,4comp
POX9,2026-05-16 13:57:17.096,1,5.5,4.233285,,4comp
POX9,2026-05-16 14:07:17.128,1,5.5,4.166723,,4comp
POX9,2026-05-16 14:17:17.160,1,5.5,4.148267,,4comp
POX9,2026-05-16 14:27:17.191,1,5.5,4.152754,,4comp
POX9,2026-05-16 14:37:17.223,1,5.5,4.223567,,4comp
POX9,2026-05-16 14:47:17.254,1,5.5,4.253644,,4comp
POX9,2026-05-16 14:57:17.285,1,5.5,4.087304,,4comp
POX9,2026-05-16 15:07:17.316,1,5.5,3.966614,,4comp
POX9,2026-05-16 15:17:17.348,1,5.5,3.95465,,4comp
POX9,2026-05-16 15:27:17.379,1,5.5,4.089265,,4comp
POX9,2026-05-16 15:37:17.410,1,5.5,4.054623,355.01860000000005,4comp
POX9,2026-05-16 15:47:17.441,1,5.5,4.068995,345.0180833333333,4comp
POX9,2026-05-16 15:57:17.471,1,5.5,4.041346,335.01758333333333,4comp
POX9,2026-05-16 16:07:17.502,1,5.5,4.06973,325.01706666666666,4comp
POX9,2026-05-16 16:17:17.533,1,5.5,3.997957,315.01655,4comp
POX9,2026-05-16 16:27:17.564,1,5.5,4.070287,305.0160333333333,4comp
POX9,2026-05-16 16:37:17.595,1,5.5,4.249978,295.01551666666666,4comp
POX9,2026-05-16 16:47:17.625,1,5.5,4.314951,285.01501666666667,4comp
POX9,2026-05-16 16:57:17.656,1,5.5,4.440668,275.0145,4comp
POX9,2026-05-16 17:07:17.687,1,5.5,4.270464,265.01398333333333,4comp
POX9,2026-05-16 17:17:17.718,1,5.5,4.293314,255.0134666666667,4comp
POX9,2026-05-16 17:27:17.748,1,5.5,4.42388,245.01296666666667,4comp
POX9,2026-05-16 17:37:17.779,1,5.5,4.485425,235.01245,4comp
POX9,2026-05-16 17:47:17.811,1,5.5,4.620576,225.01191666666668,4comp
POX9,2026-05-16 17:57:17.841,1,5.5,4.605006,215.01141666666666,4comp
POX9,2026-05-16 18:07:17.872,1,5.5,4.593433,205.01090000000002,4comp
POX9,2026-05-16 18:17:17.903,1,5.5,4.650516,195.01038333333332,4comp
POX9,2026-05-16 18:27:17.935,1,5.5,4.573258,185.00985,4comp
POX9,2026-05-16 18:37:17.966,1,5.5,4.547938,175.00933333333333,4comp
POX9,2026-05-16 18:47:17.997,1,5.5,4.3737,165.00881666666666,4comp
POX9,2026-05-16 18:57:18.029,1,5.5,4.264045,155.0082833333333,4comp
POX9,2026-05-16 19:07:18.061,1,5.5,4.139201,145.00775000000002,4comp
POX9,2026-05-16 19:17:18.092,1,5.5,4.037609,135.00723333333335,4comp
POX9,2026-05-16 19:27:18.124,1,5.5,4.072792,125.0067,4comp
POX9,2026-05-16 19:37:18.156,1,5.5,4.044375,115.00616666666666,4comp
POX9,2026-05-16 19:47:18.188,1,5.5,4.058684,105.00563333333334,4comp
POX9,2026-05-16 19:57:18.220,1,5.5,4.004203,95.0051,4comp
POX9,2026-05-16 20:07:18.252,1,5.5,4.040123,85.00456666666668,4comp
POX9,2026-05-16 20:17:18.284,1,5.5,4.072872,75.00403333333334,4comp
POX9,2026-05-16 20:27:18.316,1,5.5,4.279884,65.0035,4comp
POX9,2026-05-16 20:37:18.348,1,5.5,4.59655,55.002966666666666,4comp
POX9,2026-05-16 20:47:18.380,1,5.5,4.878703,45.002433333333336,4comp
POX9,2026-05-16 20:57:18.413,1,5.5,5.25791,35.00188333333333,4comp
POX9,2026-05-16 21:07:18.445,1,5.5,5.401742,25.00135,4comp
POX9,2026-05-16 21:17:18.478,1,5.5,5.277828,15.0008,4comp
POX9,2026-05-16 21:27:18.510,1,5.5,5.499647,5.000266666666667,4comp
POX9,2026-05-16 21:37:18.543,1,5.5,5.468699,16.000866666666667,4comp
POX9,2026-05-16 21:47:18.575,1,5.5,5.292336,6.000333333333333,4comp
POX9,2026-05-16 21:57:18.608,1,5.5,5.373432,,4comp
POX9,2026-05-16 22:07:18.640,1,5.5,4.961967,,4comp
POX9,2026-05-16 22:17:18.673,1,5.5,4.816782,,4comp
POX9,2026-05-16 22:27:18.706,1,5.5,4.755238,,4comp
POX9,2026-05-16 22:37:18.738,1,5.5,4.885955,,4comp
POX9,2026-05-16 22:47:18.771,1,5.5,4.921561,,4comp
POX9,2026-05-16 22:57:18.804,1,5.5,4.929132,,4comp
POX9,2026-05-16 23:07:18.836,1,5.5,4.91585,,4comp
POX9,2026-05-16 23:17:18.869,1,5.5,4.973772,,4comp
POX9,2026-05-16 23:27:18.902,1,5.5,4.914856,,4comp
POX9,2026-05-16 23:37:18.935,1,5.5,4.887284,,4comp
POX9,2026-05-16 23:47:18.967,1,5.5,4.93413,,4comp
POX9,2026-05-16 23:57:19.000,1,5.5,5.337726,,4comp
POX9,2026-05-17 00:07:19.033,1,5.5,4.915998,,4comp
POX9,2026-05-17 00:17:19.066,1,5.5,5.045443,,4comp
POX9,2026-05-17 00:27:19.098,1,5.5,4.795324,,4comp
POX9,2026-05-17 00:37:19.131,1,5.5,4.723507,,4comp
POX9,2026-05-17 00:47:19.164,1,5.5,4.67582,352.01933333333335,4comp
POX9,2026-05-17 00:57:19.197,1,5.5,4.752235,342.0187833333333,4comp
POX9,2026-05-17 01:07:19.230,1,5.5,4.713051,332.01823333333334,4comp
POX9,2026-05-17 01:17:19.263,1,5.5,4.693951,322.01768333333337,4comp
POX9,2026-05-17 01:27:19.296,1,5.5,4.608644,312.01713333333333,4comp
POX9,2026-05-17 01:37:19.328,1,5.5,4.632742,302.0166,4comp
POX9,2026-05-17 01:47:19.361,1,5.5,4.842709,292.01605,4comp
POX9,2026-05-17 01:57:19.394,1,5.5,4.926271,282.01550000000003,4comp
POX9,2026-05-17 02:07:19.427,1,5.5,4.863364,272.01495,4comp
POX9,2026-05-17 02:17:19.460,1,5.5,4.778888,262.01439999999997,4comp
POX9,2026-05-17 02:27:19.492,1,5.5,4.840353,252.01386666666667,4comp
POX9,2026-05-17 02:37:19.525,1,5.5,4.753002,242.01331666666667,4comp
POX9,2026-05-17 02:47:19.558,1,5.5,4.786919,232.01276666666666,4comp
POX9,2026-05-17 02:57:19.591,1,5.5,4.818539,222.01221666666666,4comp
POX9,2026-05-17 03:07:19.624,1,5.5,4.94273,212.01166666666668,4comp
POX9,2026-05-17 03:17:19.657,1,5.5,4.914024,202.01111666666665,4comp
POX9,2026-05-17 03:27:19.690,1,5.5,4.831529,192.01056666666668,4comp
POX9,2026-05-17 03:37:19.723,1,5.5,4.737627,182.01001666666667,4comp
POX9,2026-05-17 03:47:19.756,1,5.5,4.606298,172.00946666666667,4comp
POX9,2026-05-17 03:57:19.789,1,5.5,4.817781,162.00891666666666,4comp
POX9,2026-05-17 04:07:19.822,1,5.5,4.99215,152.00836666666666,4comp
POX9,2026-05-17 04:17:19.855,1,5.5,5.123553,142.00781666666666,4comp
POX9,2026-05-17 04:27:19.888,1,5.5,5.204531,132.00726666666665,4comp
POX9,2026-05-17 04:37:19.921,1,5.5,5.250743,122.00671666666668,4comp
POX9,2026-05-17 04:47:19.954,1,5.5,5.048386,112.00616666666666,4comp
POX9,2026-05-17 04:57:19.987,1,5.5,4.973752,102.00561666666667,4comp
POX9,2026-05-17 05:07:20.020,1,5.5,4.921517,92.00506666666666,4comp
POX9,2026-05-17 05:17:20.053,1,5.5,4.88616,82.00451666666666,4comp
POX9,2026-05-17 05:27:20.086,1,5.5,4.772989,72.00396666666667,4comp
POX9,2026-05-17 05:37:20.119,1,5.5,4.598392,62.003416666666666,4comp
POX9,2026-05-17 05:47:20.152,1,5.5,4.569886,52.00286666666667,4comp
POX9,2026-05-17 05:57:20.185,1,5.5,4.506022,42.002316666666665,4comp
POX9,2026-05-17 06:07:20.218,1,5.5,4.439209,32.00176666666667,4comp
POX9,2026-05-17 06:17:20.251,1,5.5,4.816158,22.001216666666668,4comp
POX9,2026-05-17 06:27:20.284,1,5.5,5.113049,12.000666666666666,4comp
POX9,2026-05-17 06:37:20.317,1,5.5,5.389064,2.0001166666666665,4comp
POX9,2026-05-17 07:02:20.400,1,5.5,5.314103,357.0195166666666,4comp
POX9,2026-05-17 07:12:20.433,1,5.5,5.0941,347.01896666666664,4comp
POX9,2026-05-17 07:22:20.466,1,5.5,5.03489,337.01841666666667,4comp
POX9,2026-05-17 07:32:20.499,1,5.5,5.031124,327.0178666666667,4comp
POX9,2026-05-17 07:42:20.532,1,5.5,4.870302,317.01731666666666,4comp
POX9,2026-05-17 07:52:20.565,1,5.5,4.747184,307.0167666666667,4comp
POX9,2026-05-17 08:02:20.598,1,5.5,4.744524,297.0162166666667,4comp
POX9,2026-05-17 08:12:20.632,1,5.5,4.575942,287.01565,4comp
POX9,2026-05-17 08:22:20.665,1,5.5,4.487078,277.01509999999996,4comp
POX9,2026-05-17 08:32:20.698,1,5.5,4.341429,267.01455,4comp
POX9,2026-05-17 08:42:20.731,1,5.5,4.302233,257.014,4comp
POX9,2026-05-17 08:52:20.764,1,5.5,4.530376,247.01345,4comp
POX9,2026-05-17 09:02:20.797,1,5.5,4.587349,237.0129,4comp
POX9,2026-05-17 09:12:20.830,1,5.5,4.702593,227.01235,4comp
POX9,2026-05-17 09:22:20.863,1,5.5,4.687768,217.01180000000002,4comp
POX9,2026-05-17 09:32:20.896,1,5.5,4.433468,207.01125,4comp
POX9,2026-05-17 09:42:20.929,1,5.5,4.270982,197.01069999999999,4comp
POX9,2026-05-17 09:52:20.962,1,5.5,4.460261,187.01015,4comp
POX9,2026-05-17 10:02:20.995,1,5.0,4.392036,177.00959999999998,4comp
POX9,2026-05-17 10:12:21.028,1,5.0,4.34959,167.00905,4comp
POX9,2026-05-17 10:22:21.061,1,5.0,4.21042,157.0085,4comp
POX9,2026-05-17 10:32:21.094,1,5.0,4.277126,147.00795000000002,4comp
POX9,2026-05-17 10:42:21.127,1,5.0,4.235213,137.0074,4comp
POX9,2026-05-17 10:52:21.160,1,5.0,4.225235,127.00685,4comp
POX9,2026-05-17 11:02:21.193,1,5.0,4.208154,117.0063,4comp
POX9,2026-05-17 11:12:21.226,1,5.0,4.165057,107.00575,4comp
POX9,2026-05-17 11:22:21.259,1,5.0,4.162774,97.0052,4comp
POX9,2026-05-17 11:32:21.291,1,5.0,4.067979,87.00466666666667,4comp
POX9,2026-05-17 11:42:21.324,1,5.0,4.080036,77.00411666666668,4comp
POX9,2026-05-17 13:18:21.631,1,5.0,4.737818,41.00216666666667,4comp
POX9,2026-05-18 09:44:25.574,1,5.0,4.448654,103.0056,4comp
POX9,2026-05-18 09:54:25.606,1,5.0,4.453683,93.00506666666666,4comp
POX9,2026-05-18 10:04:25.639,1,5.0,4.54582,83.00451666666666,4comp
POX9,2026-05-18 10:11:25.662,1,5.0,4.428949,76.00413333333333,4comp
POX9,2026-05-18 10:21:25.695,1,5.0,4.464888,66.00358333333334,4comp
POX9,2026-05-18 10:31:25.727,1,5.0,4.630165,56.00305,4comp
POX9,2026-05-18 10:41:25.760,1,5.0,4.632236,46.002500000000005,4comp
POX9,2026-05-18 10:51:25.793,1,5.0,4.501821,36.00195,4comp
POX9,2026-05-18 11:01:25.826,1,5.0,4.455933,26.0014,4comp
POX9,2026-05-18 11:11:25.858,1,5.0,4.505318,16.000866666666667,4comp
POX9,2026-05-18 11:21:25.891,1,5.0,4.751447,6.0003166666666665,4comp
POX9,2026-05-18 11:31:25.923,1,5.0,4.915096,229.01195,4comp
POX9,2026-05-18 11:41:25.955,1,5.0,4.928449,219.01141666666666,4comp
POX9,2026-05-18 11:51:25.988,1,5.0,4.807136,209.01086666666666,4comp
POX9,2026-05-18 12:01:26.020,1,5.0,4.693467,199.01033333333334,4comp
POX9,2026-05-18 12:08:26.043,1,5.0,4.739643,192.00995,4comp
POX9,2026-05-18 15:56:26.750,1,5.0,4.732777,54.00273333333334,4comp
POX9,2026-05-18 16:08:26.786,1,5.0,4.852,42.00213333333333,4comp
POX9,2026-05-18 16:18:26.817,1,5.0,4.863667,32.00161666666666,4comp
POX9,2026-05-18 16:28:26.847,1,5.0,4.806784,22.001116666666668,4comp
POX9,2026-05-18 16:38:26.877,1,5.0,4.823238,12.000616666666668,4comp
POX9,2026-05-18 16:48:26.908,1,5.0,4.924519,2.0001,4comp
POX9,2026-05-18 16:58:26.938,1,5.0,4.909205,269.01388333333335,4comp
POX9,2026-05-18 17:08:26.969,1,5.0,4.810705,259.0133666666667,4comp
POX9,2026-05-18 17:18:26.999,1,5.0,4.74438,249.01286666666667,4comp
POX9,2026-05-19 00:18:28.322,1,5.0,4.984948,22.001199999999997,4comp
POX9,2026-05-20 04:34:33.508,1,5.0,4.923942,8.0004,4comp
